First Name,Middle Name,Last Name,DOB,Gender,Mother Name,Father Name,Aadhaar Number,PAN Number
,,,,,,,,
Aabha,Arjun,Tipnis,12/03/2003,F,Shailaja,Arjun,893452646866,IWATD7242D
Aadit,Sanjay,Patel,25/07/2002,M,Saraswati,Sanjay,932677835815,CGXPT2978G
Aanya,Ajit,Singh,09/11/2001,F,Sandhya,Ajit,267197592287,RVSVP9803S
Aarav,Sanjay,Patel,18/05/2004,M,Padma,Sanjay,356801377335,TFHDP9046B
Aarav,Aarav,Mitra,30/09/2003,M,Pritha,Aarav,593497013059,JEEUB1979V
Aarav,Vivek,Boparai,05/12/2002,M,Rati,Vivek,979838205680,HHWNZ9464K
Aarav,Devendra,Nag,20/08/2001,M,Rohini,Devendra,395505632193,BBDNF6398T
Aarohi,Yash,Chandra,17/04/2004,F,Niranjana,Yash,801329683563,SRIEN2766O
Aarti,Abhinav,Mondal,28/10/2002,F,Mallika,Abhinav,546112709344,JVXFZ2013U
Aarti,Hrishikesh,Nayar,14/06/2003,F,Mohana,Hrishikesh,924166479483,INQQQ4459E
Aarti,Anil,Chauhan,03/01/2001,F,Nandini,Anil,871897853821,ENOUS2987E
Aarushi,Anuj,Shah,22/11/2000,F,Malati,Anuj,543159972160,FSXCW0072B
Aaryan,Abhay,Chawdhry,08/07/2004,M,Madhavi,Abhay,253576628592,HWCHN3747E
Aasha,Adarsh,Duggal,11/02/2003,F,Laxmi,Adarsh,120298933922,VQYWF4453Y
Aashish,Ameya,Goel,27/09/2002,M,Kripi,Ameya,770007870164,RORMR0459F
Aastha,Anant,Gulati,19/12/2001,F,Ketaki,Anant,849284107110,AZGNK5462K
Abhay,Aditya,Mukhopadhyay,06/04/2004,M,Kaushalya,Aditya,523325347162,FVTAN6958U
Abhijeet,Anik,Kapoor,15/08/2003,M,Kadambari,Anik,195641871675,UUMVM7074R
Abhijit,Sarabjit,Thakkar,29/01/2002,M,Hema,Sarabjit,294515466614,XRISI8059R
Abhijit,Ashish,Tilak,04/10/2001,M,Jambavati,Ashish,882818694974,PTSPK8844G
Abhimanyu,Anmol,Kapoor,21/06/2004,M,Ganga,Anmol,530669263696,MNKRP9468X
Abhinav,Arnav,Khatri,10/11/2002,M,Daksha,Arnav,417452700084,NOTXS6329N
Abhiram,Ketan,Chakraborty,26/05/2001,M,Chandralekha,Ketan,174104759159,DQZLW2461U
Abhishek,Aryan,Kohli,02/09/2000,M,Bhadra,Aryan,833660645154,MZXML8267W
Adarsh,Ankit,Chhibber,07/01/2004,M,Arundhati,Ankit,668501637573,QMRDI8224F
Aditi,Rajesh,Gupta,16/07/2003,F,Amba,Rajesh,804478828795,FKZTR7090F
Aditi,Ajay,Nag,31/12/2002,F,Anasuya,Ajay,178476022619,KWRDQ8770D
Aditi,Atharva,Luthra,23/08/2001,F,Angarika,Atharva,776980620845,AJRZK6879I
Aditya,Saransh,Sinha,13/04/2004,M,Vasanti,Saransh,685113496875,XQGAI3837Q
Aditya,Akash,Nandi,24/10/2002,M,Vasundhara,Akash,227842537059,JWVXH0187D
Aditya,Bharat,Date,09/02/2001,M,Vijaya,Bharat,460455575395,CJZOE3650J
Aditya,Kishor,Pahuja,05/11/2000,M,Yamuna,Kishor,541257428012,XZYFV1725S
Advait,Amita,Singh,14/03/2004,M,Urmila,Amita,412236313968,AKMYY4173E
Advika,Akhil,Banerjee,28/09/2002,F,Uma,Akhil,357997867043,JSMGJ2021C
Agastya,Akshay,Basu,06/06/2001,M,Tarabai,Akshay,344646702048,PALGB1962A
Aisha,Rohit,Singh,22/12/2000,F,Surpanakha,Rohit,724210496798,ESMZS8123P
Aishwarya,Satish,Verma,30/07/2004,F,Sujata,Satish,342098615963,ACRZP8934F
Aishwarya,Amar,Bhattacharya,11/01/2003,F,Sulakshana,Amar,862160701011,TJAJK9013G
Aishwarya,Chinmay,Malik,25/05/2002,F,Sunita,Chinmay,466157182438,JOMMC7367J
Aishwarya,Mahendra,Pant,01/10/2001,F,Supriya,Mahendra,406650747696,AHYZE1087A
Aishwarya,Anup,Dara,18/06/2004,F,Surabhi,Anup,738507329008,VXOOR6912D
Ajinkya,Chirag,Dhale,08/12/2002,M,Sita,Chirag,987998322311,VTJGB5456N
Akash,Rajesh ,Desai,20/04/2001,M,Shanta,Rajesh ,640800489024,DOVHD9938O
Akash,Amit,Chakrabarti,03/09/2000,M,Shobha,Amit,805612163333,KJFSJ0812J
Akash,Darshan,Mehra,19/07/2004,M,Shyamala,Darshan,676721620912,WMBTE9927J
Akhila,Arjun,Dey,12/02/2003,F,Shakuntala,Arjun,201572017263,AKWKX7434O
Akila,Kiran,Chandra,27/10/2002,F,Savitri,Kiran,748772926020,QXOSJ3684D
Akshara,Anand,Chakraborty,16/12/2001,F,Rukmini,Anand,359167950549,QKOXI1361Q
Akshara,Dev,Dhamale,04/04/2004,F,Sati,Dev,861283367959,SZDBE9334Y
Akshay,Aniket,Chatterjee,17/08/2003,M,Rajalakshmi,Aniket,391164985895,ARIPP8912Z
Alia,Anil,Das,30/01/2002,F,Radha,Anil,580769138784,EAMST6779D
Amala,Sumit,Devarapalli,10/10/2001,F,Parvati,Sumit,544552101899,YLIWS5586M
Aman,Anirudh,Datta,23/06/2004,M,Nalini,Anirudh,243649713698,FPKFE1677P
Amar,Anuj,Dey,09/11/2002,M,Meenakshi,Anuj,666358930894,YVOEM9351K
Amar,Gopal,Divekar,25/05/2001,M,Mohini,Gopal,709041773991,SMKSM0321E
Amarnath,Arvind,Divakar,01/09/2000,M,Mangala,Arvind,920239031495,RXHAG4859Y
Ambika,Arjun,Ghosh,06/01/2004,F,Mahalakshmi,Arjun,125627522849,PBZDC9324M
Ambika,Krish,Chatterjee,15/07/2003,F,Mandakini,Krish,336507945171,JSJOJ1161B
Amit,Arnav,Guha,29/12/2002,M,Lalitha,Arnav,474815594073,RTYVG2838Y
Amrit,Madhav,Garapati,20/08/2001,M,Kunti,Madhav,562172410579,UPMCM4488C
Amrita,Ashish,Pal,12/04/2004,F,Kalyani,Ashish,948206977937,FWCRR7096P
Amrita,Pranav,Ram,23/10/2002,F,Kamalakshi,Pranav,675650857233,EVZJZ7565W
Amritpal,Narayanan,Gutta,08/02/2001,M,Jyotsna,Narayanan,842080303725,KIRVP6791E
Amruta,Harish,Gajanan,05/11/2000,F,Janaki,Harish,454975672605,GJLDB0151P
Amulya,Dinesh,Gudipati,14/03/2004,F,Indumati,Dinesh,580049193549,VVESO3253D
Anagha,Hitesh,Gangan,28/09/2002,F,Gopika,Hitesh,308272495068,VTWNG5034R
Anand,Aditya,Joshi,07/06/2001,M,Chandramukhi,Aditya,553961791928,XHNMU5012Q
Anand,Ashok,Kar,22/12/2000,M,Damayanti,Ashok,708946631665,UJDSK5147V
Anand,Ishaan,Gokhale,30/07/2004,M,Devaki,Ishaan,542368917876,SULWV2666Q
Anand,Krunal,Das,11/01/2003,M,Draupadi,Krunal,998008399441,JDONP4992E
Anand,Mahendra,Dubey,26/05/2002,M,Gayatri,Mahendra,785353832408,FFGMF9261Q
Anandibai,Gaurav,Khurana,02/10/2001,F,Bhanumati,Gaurav,755145534253,GAYVO9274K
Ananya,Deepak,Shah,19/06/2004,F,Ambika,Deepak,346161234124,LOAGC3599S
Ananya,Ayush,Khan,09/12/2002,F,Annapurna,Ayush,920845606542,IILSN7209W
Ananya,Dinesh,Narang,21/04/2001,F,Anuradha,Dinesh,224538284238,VLLNP0543A
Ananya,Kunal,Deshpande,04/09/2000,F,Ashtavakra,Kunal,997717846731,XRWVT7880N
Anika,Sunil,Patel,18/07/2004,F,Akank,Sunil,309814151261,YKRRH9921L
Aniket,Bala,Mandal,11/02/2003,M,Aarushi,Bala,278031515673,TZNBS6411G
Aniket,Jagdish,Gulve,27/10/2002,M,Advika,Jagdish,779045084351,XPUMV7834V
Anima,Shamsher,Verma,16/12/2001,F,Aadhya,Shamsher,110985156292,HWZFK6685N
Animesh,Deepak,Avadhanam,04/04/2004,M,Vrinda,Deepak,424511191783,YGJPQ6131Y
Anirudh,Ashish,Fernandes,17/08/2003,M,Vedika,Ashish,983150341273,SYGMI3119V
Anisha,Bharat,Mukherjee,30/01/2002,F,Vaishnavi,Bharat,693142734568,VUKEV7221G
Anjali,Nandan,Rai,10/10/2001,F,Urvashi,Nandan,516008096305,TPHVF4718J
Anjana,Ayush,Gaur,23/06/2004,F,Twisha,Ayush,119565344690,KYOGW6849P
Ankit,Manohar,Puri,09/11/2002,M,Trisha,Manohar,957511073777,LRMTS4445C
Ankita,Chirag,Nath,25/05/2001,F,Tanya,Chirag,763656855594,ACZDS0590P
Anmol,Prabhu,Guvvala,01/09/2000,F,Tanisha,Prabhu,631246758325,RGOHF6021C
Ansh,Deepak,Pal,06/01/2004,M,Suman,Deepak,601216572991,UTOMK7403X
Anuja,Jay,Haldankar,15/07/2003,F,Sonakshi,Jay,272699351679,SQDZI8632Z
Anup,Vivek,Challa,29/12/2002,M,Sona,Vivek,748189326523,YLNGY3334I
Anupama,Kailash,Haldankar,20/08/2001,F,Shruti,Kailash,476948284125,ROXJW6355G
Anupama,Bhavesh,Godbole,12/04/2004,F,Siya,Bhavesh,606100047061,ANIFZ1980U
Anurag,Kalyan,Hardas,23/10/2002,M,Shreya,Kalyan,783306923120,MHIGI7459A
Anushka,Dev,Paul,08/02/2001,F,Shalini,Dev,956117479654,FMVJC8341H
Anushka,Karan,Hardikar,05/11/2000,F,Shanaya,Karan,978530221042,BUNMT6281L
Anvi,Rajat,Dey,14/03/2004,F,Sanvi,Rajat,768633158709,TQGTM4161Z
Aparna,Abhijit,Hegde,28/09/2002,F,Sanjana,Abhijit,729249109515,XCKHP1391L
Arav,Yatin,Madan,07/06/2001,M,Saanvi,Yatin,516644731395,SXLIG6325D
Aravind,Manish,Ganguly,22/12/2000,M,Sahana,Manish,559497606035,VAPKW2322E
Archana,Abhinandan,Hirve,15/03/2004,F,Riya,Abhinandan,338765752584,IRWGV6015X
Arjan,Prasad,Guvvalapalli,22/05/2003,M,Rhea,Prasad,226836079520,VZAWH5172L
Arjun,Abhisek,Ingle,10/09/2002,M,Prisha,Abhisek,874170730581,DVIRA5595Y
Arjun,Omkar,Raina,07/11/2003,M,Priyanka,Omkar,908907207986,ZXILS2724B
Arjun ,Abhijeet,Singh,18/12/2003,M,Pranati,Abhijeet,409067960957,AQGZO1503J
Arnav,Devendra,Rahman,05/06/2004,M,Prachi,Devendra,676290691300,AYHEK0049S
Arpit,Dhruv,Saha,29/01/2003,M,Pooja,Dhruv,134375318483,OZWOT5615R
Arun,Gaurav,Sengupta,12/08/2004,M,Pallavi,Gaurav,524659274779,ZPKNR0519U
Arun,Bhupendra,Gokhale,20/10/2002,M,Pari,Bhupendra,937083983370,IIJDA9569A
Arya,Suresh,Gupta,17/07/2003,F,Nisha,Suresh,238386927503,PPUIY9170X
Arya,Gautam,Sen,04/11/2002,F,Niyati,Gautam,701533955924,EGJWG3406Q
Aryan,Raghav,Rana,27/09/2004,M,Nandini,Raghav,393272383050,BOSBQ3186C
Asha,Gopal,Sharma,13/04/2002,F,Mira,Gopal,228283549584,EXWPJ2073K
Asha,Aditya,Jadhav,08/02/2004,F,Mohini,Aditya,767638911529,EEJVY8258M
Asha,Chetan,Guha,03/10/2002,F,Namrata,Chetan,306242828932,GQRQM3119J
Ashika,Aadesh,Mahadevan,19/05/2003,F,Manju,Aadesh,264025711898,CIXSO6380E
Ashish,Govind,Singh,23/12/2002,M,Leela,Govind,131677696719,PFNKL5128H
Ashish,Akash,Jain,14/08/2003,M,Mahima,Akash,876662729081,AUDXG9382G
Ashok,Harish,Basak,06/01/2002,M,Kriti,Harish,486358883971,RKEMM5684H
Ashwin,Mayank,Goel,25/11/2004,M,Krishna,Mayank,814170631524,HHDYG2763U
Ashwini,Alok,Joglekar,09/07/2002,F,Komal,Alok,612952065105,YUNIS4998Q
Asmita,Hitesh,Bhowmick,28/03/2004,F,Khushi,Hitesh,149653854800,FTNVR3329Z
Avani,Rakesh,Mehta,16/09/2002,F,Kavya,Rakesh,377750560572,YJTIM5576I
Ayush,Ramesh ,Shah,02/06/2003,M,Kaira,Ramesh ,681247999395,KNOMN0969L
Ayush,Ishaan,Biswas,11/04/2004,M,Kashvi,Ishaan,584810654822,NZQTF5496V
Baljit,Praveen,Guvvampalli,07/02/2003,M,Jhanvi,Praveen,183332517666,FPFIH5463I
Balram,Sahil,Talwar,21/01/2002,M,Ishita,Sahil,559359872942,FBRVC2445P
Bhagyashree,Amit,Joshi,12/08/2003,F,Ira,Amit,106272809706,YYCSA8638U
Bhakti,Anirban,Kadav,05/11/2004,F,Ila,Anirban,159773646067,RRGIU2172S
Bharat,Arnab,Kadam,19/07/2002,M,Gayatri,Arnab,564263461706,CSSRB5673S
Bharat,Mehul,Hegde,29/05/2003,M,Gita,Mehul,984032281565,ZPEJP5592C
Bhargavi,Girish,Mallick,08/10/2002,F,Esha,Girish,772848045048,MLQBT2271M
Bhargavi,Mahendra,Mukhopadhyay,03/12/2003,F,Gargi,Mahendra,674494990291,IWKAF8519E
Bhavana,Arun,Kadam,18/06/2004,F,Devika,Arun,818782650616,QFGMK2023V
Bhavana,Milan,Jain,10/04/2002,F,Diya,Milan,182142368785,YCMSX0501X
Bhavana,Manish,Nadar,25/08/2003,F,Ekta,Manish,772886444461,XUPDE7020I
Bhavani,Deepak,Gupta,09/01/2004,F,Damayanti,Deepak,109852619587,NGYMH2103O
Bhavna,Rajan,Sahni,14/10/2002,F,Chaitali,Rajan,204275284015,HIKRU4366G
Bhavya,Nikhil ,Gupta,27/02/2003,F,Avantika,Nikhil ,271483608626,SSLWX9196T
Bhavya,Jagdish,Bose,20/12/2004,F,Bhavna,Jagdish,888975994033,AUVIF3953X
Bhuvan,Sanket,Saini,01/09/2002,M,Arya,Sanket,166661325183,PNRDK7706M
Bhuvan,Abhijit,Majumdar,16/07/2003,M,Avani,Abhijit,655481228052,ZYDMH0570M
Bijoy,Sukhbir,Bajaj,07/11/2004,M,Aradhana,Sukhbir,640896732437,RGVZH3314X
Bimal,Simar,Vohra,23/03/2002,M,Aparna,Simar,772260892878,MPOPB4423X
Binita,Gaurav,Bajaj,19/05/2003,F,Anika,Gaurav,170597829626,CSOVA3349M
Bipasha,Abhishek,Chaluvadi,02/02/2004,F,Ananya,Abhishek,676228738747,IDXGH2854A
Bishnu,Sushil,Devarasetty,12/01/2002,M,Anahita,Sushil,982053798289,MGFNT9960A
Bishwarup,Mahesh,Garu,05/10/2003,M,Adhira,Mahesh,930654321181,QXVHI8569Z
Bratati,Gopal,Gudivada,08/09/2004,F,Aarohi,Gopal,996777904036,OGELX9690F
Chaitanya,Ashok,Kale,14/06/2002,M,Veda,Ashok,630733067269,DDNJI6039F
Chaitanya,Mayank,Narayan,27/11/2003,M,Aaradhya,Mayank,242114691718,AOGCQ5840G
Chandana,Sukhdev,Bakshi,03/04/2004,F,Vani,Sukhdev,486357213728,VMSKY3718G
Chandra,Mitul,Joshi,20/08/2002,F,Tanvi,Mitul,500441844684,PCNMY9378N
Chandra,Dhaval,Iyengar,18/12/2003,F,Urmila,Dhaval,298141506389,EALMW3331D
Charu,Vidyadhar,Sethi,29/10/2004,F,Sunita,Vidyadhar,246762737601,NGFCP6214N
Chetan,Jay,Chanda,09/07/2002,M,Rita,Jay,604921850267,DCWKX9318B
Chetan,Aakash,Sethi,04/05/2003,M,Sarla,Aakash,450980132435,FBZDO8049G
Chetan,Akhil,Meher,11/09/2002,M,Soma,Akhil,901483945545,HDOUV0706R
Chetna,Satish,Sharma,07/03/2004,F,Rekha,Satish,133592448803,KFBLU0243O
Chinmay,Atanu,Kalekar,26/01/2003,M,Rajani,Atanu,139852688175,PITJV2900S
Chinmayi,Gopal,Mathur,08/08/2004,F,Poonam,Gopal,454862076447,JHRRH6143U
Chirag,Jitendra,Chatterji,15/06/2002,M,Pallavi,Jitendra,461495192750,UCJHS7544R
Chiranjeev,Himanshu,Balaji,20/11/2003,M,Neena,Himanshu,438348840823,FDKIG0971V
Dakshata,Harish,Mittal,28/02/2004,F,Neelima,Harish,742999958153,PCGLX7255C
Damini,Avijit,Kalkar,16/10/2002,F,Nalini,Avijit,206516559269,UBXCZ1533N
Danish,Kailash,Chowdhury,05/07/2003,M,Naina,Kailash,171694845958,OTDUV9321F
Darshan,Kalyan,Dasgupta,12/12/2004,M,Laxmi,Kalyan,836710114162,ESTHH9115X
Darshan,Biplab,Kambli,24/09/2002,M,Leena,Biplab,370421861163,XCIVG2238Z
Darshan,Mehul,Narula,09/04/2003,M,Meena,Mehul,372880704606,RDUVO4322C
Davinder,Raghav,Haldar,31/01/2004,M,Karuna,Raghav,385924517471,OONRA3121P
Debabrata,Alok,Chanda,17/07/2002,M,Kamala,Alok,890418145850,HNCJN0213Y
Debashish,Sukhjit,Batra,29/05/2003,M,Hemlata,Sukhjit,475041524989,OPQHO9626U
Debasish,Uday,Devi,10/03/2004,M,Charu,Uday,148502936369,LLAAM1188K
Debjani,Hitesh,Balakrishna,22/11/2002,F,Anjana,Hitesh,665355192509,TXCKK0786I
Debjyoti,Manoj,Gavaskar,08/01/2003,F,Ananya,Manoj,416189299779,RJCTR5427C
Debkumar,Harsha,Gujjula,13/10/2004,M,Yogita,Harsha,706441326083,EJCCQ8365R
Deepak,Karan,Deb,05/06/2002,M,Vinita,Karan,183982913356,YZMPM8143K
Deepak,Biswajit,Kamerkar,23/04/2003,M,Vishakha,Biswajit,703683329729,OHOIE4184F
Deepak,Mohit,Kadam,14/09/2002,M,Yashoda,Mohit,210376586280,YZWAW5985M
Deepika,Aman,Shah,07/12/2004,F,Vinaya,Aman,861283275047,PKPTF9170D
Deepika,Milan,Natarajan,19/08/2003,F,Vineeta,Milan,870482131281,JFHWL8825T
Deepthi,Arvind,Menon,01/02/2002,F,Vimala,Arvind,734895431155,USPWL4979F
Dev,Kartik,Dutta,08/10/2003,M,Vidya,Kartik,400639556207,NOMZO0206H
Dev,Amarjit,Sharan,03/05/2004,M,Vijaya,Amarjit,709918214342,EVJFQ9972V
Devan,Bhavesh,Mitra,25/07/2002,M,Vibha,Bhavesh,923867522236,MIZSS5489G
Devansh,Ashok,Joshi,17/11/2003,M,Varsha,Ashok,463190095168,EVGNX4319U
Devansh,Keshav,Ganguly,20/04/2004,M,Veena,Keshav,964639524703,KSOID3623I
Devi,Chirag,Modi,15/01/2002,F,Vaishali,Chirag,678710112849,UJNRP1009I
Devi,Mitul,Pai,09/09/2003,F,Vandana,Mitul,936982639169,PIBDB9530A
Devika,Rajat,Sharma,13/06/2004,F,Tara,Rajat,808097419137,MFOFV5123Y
Devika,Krishna,Ghosal,01/12/2002,F,Tripti,Krishna,619544606490,BKIFF5135P
Devika,Mukesh,Kaul,22/08/2003,F,Usha,Mukesh,260315660783,HKWXY4022U
Devraj,Mohit,Pal,04/04/2004,M,Tanuja,Mohit,808625693295,LUVKM2832B
Dhananjay,Dheeraj,Jain,28/06/2002,M,Swati,Dheeraj,898275699906,KXPWP9240V
Dhruv,Sanjay,Patel,19/10/2003,M,Sushma,Sanjay,410077869105,DRYIU8056J
Diksha,Kumar,Goswami,11/02/2004,F,Surekha,Kumar,195559496530,VNYNI6182T
Dinesh,Rigved,Panicker,02/07/2002,M,Supriya,Rigved,538685441597,YGSUZ8562X
Dipanjan,Mohan,Gedela,24/05/2003,M,Sunitha,Mohan,824613850874,LCIWF7688F
Dipankar,Karan,Balasubramanian,30/11/2004,M,Sunita,Karan,482181026588,OQCAO4601S
Dipannita,Jagadish,Gummalla,15/09/2002,F,Sumitra,Jagadish,958828359271,JPMRB1476D
Dipanwita,Umesh,Dhawan,05/03/2003,F,Sujata,Umesh,125968014221,WGZLG7543S
Dipika,Anand,Chandran,09/01/2004,F,Sonia,Anand,455369731568,ALJXL9654C
Dipti,Debabrata,Kamtekar,28/06/2002,F,Smita,Debabrata,607135910918,GNWIJ1175L
Disha,Sanjeev,Patel,10/04/2003,F,Shweta,Sanjeev,767616604158,VLTVM7065I
Disha,Amrik,Shergill,22/10/2004,F,Simran,Amrik,841940414781,BCVOX2991A
Divya,Lokesh,Gupta,06/08/2002,F,Shobha,Lokesh,903744116703,IYUDG5486E
Divya,Debashish,Kamthekar,30/12/2003,F,Shubha,Debashish,496871889481,MDKOL1728C
Diya,Vikram,Singh,13/07/2004,F,Shilpa,Vikram,395107737833,QWHEV4444T
Diya,Naresh,Khatri,19/03/2002,F,Shipra,Naresh,423264494289,QWRQY5694P
Durga,Sukhjot,Bhasin,08/05/2003,F,Shikha,Sukhjot,452870951512,SVEBG0673N
Ekata,Jayant,Mukherjee,16/11/2004,F,Sheetal,Jayant,540459323305,PTVWI5056K
Ekta,Rohan,Shah,02/07/2002,F,Shashi,Rohan,585147902958,RFZVK1574Q
Ekta,Mahesh,Rey,26/09/2003,F,Sheela,Mahesh,461405163521,USDIR4686L
Esha,Alok,Verma,14/04/2004,F,Sharmila,Alok,438661806453,KWBEF7949F
Falguni,Sukhpal,Chandra,10/06/2002,F,Shanti,Sukhpal,148729146670,KPGPU3794S
Ganesh,Debayan,Kandalkar,20/08/2003,M,Shalini,Debayan,273799448460,LAFGK7248V
Ganesha,Devang,Mookerjee,07/01/2004,M,Seema,Devang,740250309888,IAGGE2741H
Gargee,Kedar,Narayan,18/09/2002,F,Savita,Kedar,925392381085,UZFZB1382O
Gaurav,Suresh,Rao,05/03/2003,M,Sapna,Suresh,114305085272,ZDIYU3458W
Gaurav,Manish,Jana,08/10/2004,M,Sarita,Manish,572596948621,VFHFF6881V
Gauri,Debendra,Kapadia,25/07/2002,F,Sangita,Debendra,749363932455,GZEZY3242H
Gautam,Arjun,Sood,30/05/2003,M,Sangeeta,Arjun,714571035314,BOTLZ1217X
Gautami,Suraj,Chatterjee,11/03/2004,F,Sadhana,Suraj,660168174558,UNNAW3462I
Gayathri,Dhruv,Kapoor,09/11/2002,F,Rupali,Dhruv,644564987906,CKXJC9263V
Gayatri,Manoj,Mitra,08/01/2003,F,Ritu,Manoj,636959465802,RGKSB2883I
Gayatri,Debojit,Kapoor,17/09/2004,F,Rohini,Debojit,868114220588,ZSHHI3856X
Geeta,Avtar,Talwar,03/06/2002,F,Rina,Avtar,873310983617,NJDNR2177L
Geetha,Dipesh,Mukherji,21/04/2003,F,Rima,Dipesh,978479515686,ELFAQ1611O
Gitanjali,Kartik,Banerjee,16/09/2002,F,Reshma,Kartik,483344883438,UXCLP8279O
Gopa,Upendra,Dhingra,07/02/2004,F,Renu,Upendra,837965298965,PCEMP6412Y
Gopal,Pradeep,Verma,29/01/2003,F,Pratibha,Pradeep,525123945302,BTOMU3886R
Gopal,Mayank,Karmakar,12/08/2004,F,Priya,Mayank,572893727761,MKUSW1812A
Gopal,Deep,Karmarkar,05/03/2003,M,Rachna,Deep,704344063223,TEPJV9094B
Gopal,Balbir,Tangri,12/09/2002,M,Radha,Balbir,265606674056,GGVVC8173Z
Gopal,Surinder,Datta,28/11/2003,M,Rani,Surinder,759532863753,QAMBH4847S
Gopal,Neil,Krishnan,17/06/2001,M,Rashi,Neil,489932567890,TCCHO4100T
Gopal,Gaurav,Karnik,29/10/2000,M,Reena,Gaurav,106026326325,CAGGS5757M
Gorachand,Naveen,Geddada,04/12/2001,M,Prachi,Naveen,662368913472,OXOZL6068H
Gouranga,Anup,Chandrasekhar,21/08/2002,F,Poonam,Anup,184369965412,ZWFHJ8345G
Gourav,Karthikeyan,Gundala,19/05/2000,M,Pooja,Karthikeyan,711530167815,NDLPT9990V
Govind,Divyesh,Murthy,06/04/2003,M,Parul,Divyesh,509471425573,TPDRB6424C
Gurcharan,Vikram,Indukuri,14/02/2002,M,Pallavi,Vikram,145546557356,EOHYE1422G
Gurpreet,Rajan,Haran,23/01/2001,F,Padmini,Rajan,367081688773,ZFBSC0095R
Guru,Nimesh,Kumar,08/07/2000,M,Padma,Nimesh,378841261535,UKZYD4743B
Harbhajan,Raman,Harikrishnan,10/09/2003,M,Nisha,Raman,963830938822,ERRWC2630B
Harini,Nirav,Kurian,25/11/2002,F,Nidhi,Nirav,535284490134,TBQTC7606O
Haripada,Manish,Bandaru,30/06/2001,F,Neha,Manish,750184381983,CWBZX6247M
Haritha,Girish,Kashyap,02/10/2000,F,Neeta,Girish,541728407772,GXNHH3546R
Harjit,Ramu,Harikumar,09/12/2001,M,Neelam,Ramu,685704370460,CENEU1596P
Harjot,Vinod,Iyer,16/04/2002,M,Namrata,Vinod,653308679423,YGARN8922R
Harsh,Mohan,Majumdar,03/08/2000,M,Mridula,Mohan,138971850968,YNUWN4082W
Harsh,Baldev,Tandon,18/05/2003,M,Nalini,Baldev,561120645140,GAQEF9249C
Harsha,Pradeep,Deshmukh,07/03/2001,F,Mona,Pradeep,541697306544,EMNRS7669X
Harsha,Mukesh,Mitra,20/11/2000,F,Monica,Mukesh,321316555753,HNFQH3439H
Harshada,Dipankar,Karnik,15/01/2002,F,Mita,Dipankar,112958689396,ZGWXO5853S
Harshita,Gopal,Nag,26/09/2003,F,Meher,Gopal,548255292473,OLGUJ9108E
Hema,Balkaran,Thakkar,11/07/2000,F,Meeta,Balkaran,323459188527,SPWYW6458B
Hemant,Gautam,Karve,05/02/2001,M,Meera,Gautam,246320783896,XKPEI0266P
Himadri,Vaibhav,Dhir,28/04/2002,F,Meenakshi,Vaibhav,996258309195,GDISX3782Y
Himani,Ketan,Narula,09/10/2003,F,Manisha,Ketan,112563495043,AIOYV0667N
Hiralal,Arvind,Channarayapatna,01/06/2000,M,Madhuri,Arvind,817391415881,IUEPW2442A
Hiranmay,Prakash,Gehlot,14/08/2002,M,Madhu,Prakash,692555292909,WYKTD2834W
Hiranya,Kiran,Gundapuneni,22/12/2001,F,Madhavi,Kiran,297712975827,BBLAJ9654T
Indira,Kiran,Patel,16/03/2003,F,Kusum,Kiran,537707731094,MIUHC2959V
Indira,Nishant,Lakhani,18/10/2000,F,Lata,Nishant,718804795234,UGKFG9757L
Indira,Hardik,Kaushal,07/05/2002,F,Leela,Hardik,113783134443,MPWUG3720V
Indrajit,Mayank,Bangera,13/09/2001,M,Komal,Mayank,342744213246,SXOXB6152A
Indrani,Tajinder,Dewan,24/11/2003,F,Kiran,Tajinder,220410303224,MMRGD5921V
Indu,Harsh,Natarajan,02/07/2000,F,Kavita,Harsh,187809222355,DQSAK2968L
Isha,Naveen,Mukhopadhyay,08/01/2002,F,Kamini,Naveen,626216614001,ZPKNP6144F
Isha,Charan,Wahi,30/04/2001,F,Kanchan,Charan,344021903989,VKFCS9350W
Ishaan,Naveen,Reddy,15/12/2000,M,Kalyani,Naveen,697599819680,MTXKM8445C
Ishan,Vinod,Patel,04/08/2003,M,Jaya,Vinod,219856485793,BLXZE6620Y
Ishan,Naresh,Mondal,20/06/2002,M,Jayashree,Naresh,629882683892,POAIM9675Q
Ishan,Bhupinder,Wahi,11/09/2001,M,Kajal,Bhupinder,911881093808,GXYVB2529Y
Jagadeesh,Hiren,Khosla,29/05/2000,M,Indira,Hiren,267716661561,HDTEL7406J
Jagan,Nitesh,Mallick,06/03/2002,M,Gitanjali,Nitesh,718098703107,AZECN7969U
Jagdish,Hitesh,Nayak,13/01/2003,M,Geeta,Hitesh,227251085860,SCFWM1908H
Jai,Navin,Nag,17/11/2000,M,Dipti,Navin,488229261268,RBYGO4207D
Janani,Hitesh,Kochar,28/07/2001,F,Devyani,Hitesh,519516430303,XYFOC1979Z
Jasleen,Sampath,Harit,12/10/2003,F,Devika,Sampath,790165068288,JNEXN8939S
Jaswinder,Vishnu,Jagadeesan,25/04/2000,M,Deepika,Vishnu,147493537891,ASJBY5534Q
Jatin,Dalbir,Ahuja,07/02/2001,M,Deepa,Dalbir,481441458924,LJNTQ8027K
Jaya,Rajat,Mehta,09/09/2002,F,Asha,Rajat,831448635538,HAZVA5951Y
Jaya,Neeraj,Nandi,21/12/2000,F,Ashwini,Neeraj,582482011084,XXJAN7227E
Jaya,Gopal,Kasar,10/06/2003,F,Bhagyashree,Gopal,566703652357,CJXME2175C
Jaya,Daljit,Anand,04/08/2001,F,Bhavna,Daljit,176276680198,YUMIQ3621R
Jaya,Nitin,Menon,15/03/2002,F,Chitra,Nitin,616905880791,DCZSE7715P
Jayant,Indrajit,Kaul,19/05/2000,M,Arundhati,Indrajit,653928522239,OJAVP4139U
Jayanti,Vimal,Dikshit,30/11/2003,F,Archana,Vimal,103073565953,PUCLY0812R
Jayashree,Madhav,Pathak,22/10/2002,F,Anju,Madhav,821427227206,DBUBB5819K
Jayashree,Jayesh,Padmanabhan,01/07/2001,F,Anuradha,Jayesh,227730731154,EFONF0109P
Jharna,Praveen,Gelda,13/01/2000,F,Anjali,Praveen,577266964979,BRJBF1704I
Jhilik,Krishnan,Gundavarapu,05/09/2003,F,Amrita,Krishnan,303213001020,URNZE5557F
Jitendra,Nikhil,Neogi,09/04/2002,M,Ameeta,Nikhil,914682838788,NTZDB0767W
Jiya,Rahul,Mehta,14/08/2000,F,Alka,Rahul,677450108897,PJNBH5682M
Joydeep,Taran,Duggal,26/12/2001,M,Aishwarya,Taran,623863623156,WPWWW1793E
Joyita,Mohit,Bansal,18/06/2003,F,Aditi,Mohit,987266633928,TDPDB0819P
Juhi,Nitin,Panja,02/05/2000,F,Abha,Nitin,535463934221,AHHEP9174T
Jui,Joy,Kavathekar,07/07/2001,F,Aarti,Joy,898889787543,WNXKE4382S
Jyotsna,Ashok,Channaveera,23/09/2002,F,Amishi,Ashok,716898924313,MVUDH0603Z
Kajal,Omkar,Roy,11/11/2000,F,Aashi,Omkar,689588092779,KNUJU5846V
Kajal,Mahesh,Pillai,25/03/2003,F,Adhya,Mahesh,177042192352,AKODS1211T
Kajal,Gurpreet,Bahl,20/01/2002,F,Amaira,Gurpreet,839156830721,UMQST3648S
Kala,Parth,Mukhopadhyay,06/04/2000,F,Aarohi,Parth,883498024166,ASSYO3202C
Kali,Tejinder,Gandhi,17/10/2001,F,Aaradhya,Tejinder,362897101892,KOOJU0392Z
Kalyani,Parth,Sarkar,12/06/2003,F,Zara,Parth,485665638390,IUVRY2052J
Kalyani,Kunal,Kawale,28/08/2000,F,Aakanksha,Kunal,573596302597,URBWN5938F
Kalyani,Jatin,Kotari,01/02/2002,F,Aanandi,Jatin,938651859147,BPIXC2231H
Kamal,Tejpal,Garg,05/09/2001,M,Yamini,Tejpal,197970244386,AZVXR7237P
Kamalika,Bhuvan,Chaturvedi,22/11/2003,F,Vrinda,Bhuvan,952312927709,KXWXK8220X
Kamaljit,Vivek,Jagannathan,30/07/2000,M,Vidya,Vivek,271559170327,OMLYQ9274C
Kamini,Mangesh,Raina,03/03/2002,F,Varsha,Mangesh,991276568448,WXUYZ6128U
Kamini,Mukesh,Bapat,08/05/2003,F,Vasundhara,Mukesh,138312757002,OELVR9907K
Kanchan,Pavan,Seal,19/12/2000,F,Usha,Pavan,725084548425,GRQWN6729T
Kanchan,Vishal,Dixit,09/10/2001,F,Vaishnavi,Vishal,320094308893,CMFKC5461S
Kankana,Rahul,Gidla,14/04/2000,F,Urmila,Rahul,369172149694,FIKZJ4800W
Kanu,Mani,Gundimeda,26/06/2002,F,Tulika,Mani,572303487515,QNZIC1575V
Karan,Pradeep,Sengupta,01/08/2003,M,Tanvi,Pradeep,258658047951,NOHIP3245E
Karan,Davinder,Arora,17/11/2000,M,Trisha,Davinder,566740801149,JYSVN4730B
Karthik,Prakash,Sharma,28/01/2001,M,Supriya,Prakash,427060611655,TPSMQ2967F
Karthik,Parthiv,Naidu,10/09/2002,M,Swara,Parthiv,688353202055,YKDNQ2616O
Karthikeyan,Jay,Lakshman,21/05/2003,M,Suman,Jay,787368779919,VNPKO8914J
Kaveri,Varinder,Ghosh,03/07/2000,F,Sonal,Varinder,924694832188,FEPTB6120B
Kavita,Kishan,Paliwal,15/11/2001,F,Sonakshi,Kishan,462816024924,FMUVA0929G
Kavitha,Piyush,Pande,26/03/2003,F,Shristi,Piyush,877842019105,NDULI2582C
Kavitha,Jignesh,Lobo,06/01/2000,F,Shubhangi,Jignesh,407899226520,YBIFB3230F
Kavya,Rakesh,Kumar,09/05/2001,F,Shraddha,Rakesh,979506388559,RYRWZ5534N
Kavya,Pramod,Sinha,14/12/2002,F,Shreya,Pramod,631677044682,BWEEA9992E
Kedar,Madhab,Kedar,28/08/2003,M,Shilpi,Madhab,900181622503,JNYKQ1056T
Kiara,Anil,Chauhan,01/04/2000,F,Shikha,Anil,496099951873,ANDVE8278U
Kiran,Prashant,Talukdar,17/10/2001,M,Saloni,Prashant,681043049697,XHROK9941J
Kiran,Manan,Panicker,22/06/2002,M,Sandhya,Manan,574700281459,YFVUW8118N
Kiran,Kamlesh,Mahapatra,05/09/2003,F,Seema,Kamlesh,100285069782,MUNDU0045S
Kiranpreet,Saravanan,Harita,13/01/2000,M,Saira,Saravanan,862042859129,BOTVR5246H
Kirti,Prem,Barua,19/07/2001,F,Riya,Prem,734638903971,LOASK8087V
Kirti,Manik,Kedare,30/03/2002,F,Saanvi,Manik,896967365509,OPPRZ2443C
Kishore,Naveen,Bapna,07/12/2003,M,Ria,Naveen,345797974948,GLXMV7108L
Kranti,Manoj,Khade,11/08/2000,F,Renuka,Manoj,996576156210,OXOUJ8820A
Krish,Puneet,Bhaduri,25/02/2001,M,Rashi,Puneet,264607847206,YGPIH3602N
Krishna,Rahul,Bhuiyan,09/06/2002,M,Parul,Rahul,334577093420,KJPBV2612K
Krishna,Vipin,Doddi,20/10/2003,F,Pooja,Vipin,770644542935,UFIRZ6082Q
Krishna,Rajesh,Giduthuri,03/04/2000,F,Preeti,Rajesh,669047973773,HSVVQ1523M
Krishna,Manikandan,Gurazada,17/11/2001,F,Priyanka,Manikandan,203637122185,FROCF9238D
Krishna,Pranav,Pillai,22/05/2002,F,Ragini,Pranav,128052723370,DFRMI4209K
Krishna,Mihir,Panwar,05/09/2003,M,Rajni,Mihir,883205750071,AEQQA7108V
Krishnan,Karan,Malhotra,14/01/2000,M,Pari,Karan,886433664115,GCWZP8514D
Krishnendu,Deepesh,Cherian,28/07/2001,M,Niharika,Deepesh,337363468111,FURFA6664H
Kriti,Raj,Deshmukh,08/03/2002,F,Nidhi,Raj,455337382479,JTCIW7686E
Kritika,Deepak,Singh,16/10/2003,F,Neha,Deepak,912719551229,FUFTH4645X
Kunal,Milan,Khaire,20/06/2000,M,Namrata,Milan,921855721309,CBVVD4841E
Kunal,Gurinder,Bal,03/12/2001,M,Nandita,Gurinder,187430263374,MDGTG2815Z
Kush,Rajan,Joshi,09/09/2002,M,Mira,Rajan,361003178775,BAXPG7551Z
Labanya,Nitin,Baradwaj,13/05/2003,F,Manju,Nitin,391364682113,ERZRA0922Q
Laboni,Devendra,Chidambaram,21/01/2000,F,Malika,Devendra,848395744596,NFKCE8964K
Lakhwinder,Abhijit,Jaiswal,08/07/2001,M,Mala,Abhijit,450937434009,FJVKO8454D
Lakshman,Maulik,Parikh,12/04/2002,M,Lavanya,Maulik,800447320299,SWKGO3088D
Lakshmana,Kartik,Malik,26/10/2003,M,Kritika,Kartik,320129653247,GSFBO8885E
Lakshmi,Rajat,Patil,01/08/2000,F,Kavya,Rajat,993518786153,LUQUI5468M
Lakshya,Rahul,Sharma,14/02/2001,M,Jyotsna,Rahul,425739773139,YPLPO6158L
Lalita,Manoj,Sabharwal,16/09/2002,F,Janvi,Manoj,572599874005,SSTQG7038G
Latha,Prashant,Prasad,28/03/2003,F,Isha,Prashant,756775343916,QGBGB5293R
Lavanya,Arvind,Sharma,19/11/2000,F,Hema,Arvind,513288289017,QJKKU1148N
Leela,Gurmeet,Bali,22/07/2001,F,Gayatri,Gurmeet,345692964941,IJGNN9271F
Lila,Vivek,Dogra,02/03/2003,F,Diya,Vivek,454720688655,HLOPH7099D
Lipika,Rakesh,Gogula,14/08/2002,F,Devika,Rakesh,253390138900,OMETR3204V
Madhav,Rajendra,Kulkarni,25/11/2001,M,Damini,Rajendra,803891347973,RAMAR6245J
Madhavi,Mrinal,Khandare,09/06/2000,F,Bhavana,Mrinal,495504082874,BZCWZ5639Y
Madhavi,Ketan,Mani,17/01/2003,F,Chhaya,Ketan,888113221026,OQWMW4083T
Madhu,Rajesh,Desai,30/04/2002,F,Amaira,Rajesh,308665432674,FLTHO5842K
Madhu,Nayan,Purohit,21/09/2001,F,Ayesha,Nayan,308641582816,FTCQP7032Z
Madhuri,Vikramjit,Gupta,04/12/2000,F,Aditi,Vikramjit,422573531500,MXJKC3870H
Madhuri,Murugan,Gurrapu,13/05/2002,F,Akshara,Murugan,119166307178,DFPLI9196N
Mahendra,Nabarun,Khandekar,27/10/2001,M,Aashi,Nabarun,834697629882,GPVTQ2959K
Mahesh,Rajiv,Pawar,08/02/2000,M,Aarohi,Rajiv,735065993690,JEIRT4037Q
Mahesh,Pratik,Rajan,19/07/2003,M,Aarti,Pratik,244298890671,IJCIZ2978Y
Mahesh,Kiran,Menon,01/01/2002,M,Aashima,Kiran,692180550418,MLKVF5902R
Mahima,Neev,Ramachandran,11/04/2001,F,Yashoda,Neev,559271268560,QMILR6065G
Malini,Prem,Ray,23/09/2000,F,Vinita,Prem,497020257961,BZVSX0632Q
Malini,Krish,Mitra,06/12/2003,F,Vishakha,Krish,318938344624,XQUER1257I
Manasi,Niraj,Kharade,17/05/2002,F,Vimala,Niraj,211731152508,SSYCJ7994V
Manasi,Mayur,Sachdev,30/09/2001,F,Vimla,Mayur,840473747120,BCXZJ9921R
Mandar,Prabir,Kharat,11/02/2000,M,Veena,Prabir,954881723281,EYUTW1609K
Mani,Raj,Sachdev,25/07/2003,F,Varsha,Raj,550347627354,XLQZC6830H
Manik,Yuvraj,Iyer,05/11/2001,M,Vandana,Yuvraj,748094080671,WIBVW8717I
Maninder,Satish,Harlapur,17/03/2000,M,Vaishali,Satish,945630048130,KCJUC7479E
Manish,Rakesh,Jadhav,29/07/2003,M,Trisha,Rakesh,604753096252,UPMRS6882K
Manish,Gurpartap,Bhasin,08/12/2001,M,Urvashi,Gurpartap,360168205952,VDMLR9719D
Manisha,Raman,More,20/04/2000,F,Tanuja,Raman,367695837349,KZHHO1132K
Manisha,Pradip,Kharote,01/09/2003,F,Tara,Pradip,838429563154,CRVTE5503T
Manju,Krunal,Modi,12/01/2002,F,Swati,Krunal,695449740778,FBCTI2078M
Manjula,Parag,Ramakrishnan,25/05/2001,F,Sushma,Parag,542496660354,XKAAR9078V
Manpreet,Adithya,Jaladi,05/10/2000,M,Sunita,Adithya,643626088578,MDBXG3197S
Maya,Rajan,Sanyal,18/02/2003,F,Sonali,Rajan,771876220252,IUAPI6560N
Mayank,Anand,Patel,2/6/2001,M,Sneha,Anand,777964324897,HQJWO5682S
Mayank,Ramkishan,Mane,15/11/2000,M,Sona,Ramkishan,859583074289,SNINZ2417T
Meenakshi,Rajat,Saxena,26/03/2003,F,Simran,Rajat,845772726629,WKFDS8119E
Meenakshi,Parth,Ranganathan,07/08/2001,F,Smita,Parth,310129939450,SWRGL5698T
Meera,Ravi,Bhosale,18/01/2001,F,Shreya,Ravi,426606746665,UTRFH5098Z
Meera,Amrit,Jain,02/06/2000,F,Shubha,Amrit,395876891697,HYZDJ9896X
Meera,Kunal,Mohan,13/10/2003,F,Shweta,Kunal,864783908637,SAUKY0271C
Mihika,Manish,Patel,24/02/2002,F,Shobha,Manish,502567295961,YFJVO2765Y
Milind,Pranab,Khot,08/07/2001,M,Shikha,Pranab,734549741872,IWJAH8740B
Milind,Pranay,Rao,18/12/2000,M,Shilpa,Pranay,744984710672,MUDEY1660K
Mira,Gursharan,Chadha,01/05/2003,F,Sheetal,Gursharan,740516229819,NUXVK8141V
Mita,Pradeep,Barua,13/09/2001,F,Sheela,Pradeep,823395899535,SMLVZ8350Z
Mitali,Dinesh,Chilukuri,25/01/2001,F,Shanti,Dinesh,480336948617,WWNEG1651Z
Mithun,Yogesh,Doshi,07/06/2000,M,Shanta,Yogesh,167917820832,AHKXO3805Y
Mitra,Ramesh,Gogineni,18/10/2003,F,Shalini,Ramesh,798220807407,ZLNGD9269D
Mohan,Rishi,Sawant,01/03/2002,M,Savita,Rishi,979670854676,FWZTQ3262E
Mohan,Harbhajan,Chakrabarti,14/07/2001,M,Seema,Harbhajan,883814370551,QAHMC5108R
Mohit,Rohan,Wagh,24/12/2000,M,Saroj,Rohan,610970309735,YDAZB6756V
Mon,Nandakumar,Gurugubelli,06/05/2003,M,Sarmistha,Nandakumar,109641015190,QGYGU3786X
Mukesh,Roshan,Gadkari,17/09/2001,M,Sarika,Roshan,789831513566,ZBDQG1209S
Mukta,Prasenjit,Kothare,29/01/2001,F,Sapna,Prasenjit,706881955787,HJDLT1387Y
Murali,Rajeev,Shah,12/06/2000,M,Sanya,Rajeev,865254978785,JRJNL9257N
Muskaan,Sachin,Thakur,23/10/2003,F,Sanjana,Sachin,952855902041,PEEHY4033F
Mythili,Rajendra,Shankar,04/04/2002,F,Sangita,Rajendra,536197886406,RMOAZ8145K
Nabanita,Balwinder,Jindal,17/08/2001,F,Rupal,Balwinder,876457522572,EEAJJ1214V
Nabanita,Ravi,Gokul,26/12/2000,F,Sangeeta,Ravi,169912023620,DURXO4541F
Nabarun,Prakash,Basu,08/05/2003,M,Ruchi,Prakash,455851243745,CZDNU3185S
Nabendu,Girish,Chinta,19/09/2001,M,Roshni,Girish,678578334488,XYGZK0967O
Nabina,Yash,Dubey,31/01/2001,F,Ritu,Yash,563972764488,RDHRP9095B
Naina,Hardik,Chawla,14/06/2000,F,Rima,Hardik,468892724149,TRKIF0450P
Nakul,Anuj,Shah,25/10/2003,M,Ria,Anuj,810523886094,HAGHI5753K
Nalini,Pratap,Ratnam,06/04/2002,F,Renu,Pratap,995818099556,XVTDU4823E
Naman,Sameer,Chavan,19/08/2001,M,Rani,Sameer,361254500370,ZEHNC1386S
Namrata,Sandeep,Naik,29/12/2000,F,Priti,Sandeep,548190237102,FYTDJ8561T
Namrata,Pratap,Kulkarni,11/05/2003,F,Radha,Pratap,209338253448,AAOHT0825M
Nandini,Aditya,Singh,22/09/2001,F,Poonam,Aditya,541905679121,PBQZZ9981U
Nandini,Sanjay,Kadam,03/02/2001,F,Prachi,Sanjay,329226837388,ATYKH8791I
Nandini,Prithvi,Kulkarni,16/06/2000,F,Pragya,Prithvi,781657933963,IVHWF4015V
Nandini,Prashant,Bellamkonda,27/10/2003,F,Pratibha,Prashant,620549418059,FQHFI2483N
Nandini,Aditya,Dudani,07/04/2002,F,Priya,Aditya,152655768513,YFNIW4631K
Nandita,Govind,Chitnis,20/08/2001,F,Pallavi,Govind,981242982211,KUFWZ1006F
Nandita,Rohit,Golla,30/12/2000,F,Pooja,Rohit,676317254205,HSMMD0729R
Naresh,Santosh,Salvi,12/05/2003,M,Nitya,Santosh,879680557213,TOCXB2793A
Natasha,Sarvesh,Gavade,23/09/2001,F,Nisha,Sarvesh,548307731945,QYWZQ7532S
Navdeep,Akhil,Jambunathan,04/02/2001,M,Nidhi,Akhil,368236655881,ACAVK8407N
Naveen,Prosenjit,Kulshrestha,17/06/2000,M,Neelam,Prosenjit,822857628314,IVPIP8131A
Naveen,Rajesh,Shastri,28/10/2003,M,Neha,Rajesh,907890628790,BKJXF4497N
Navjot,Siva,Haroona,08/04/2002,M,Nandini,Siva,146272632522,NWHOM8832V
Navya,Rishi,Verma,21/08/2001,F,Monika,Rishi,298873904579,HOTTM6346M
Neelima,Rahul,Kurade,31/12/2000,F,Mohini,Rahul,656691655200,IMMBG6398Z
Neeraj,Rajarshi,Lad,13/05/2003,M,Megha,Rajarshi,187694981582,NLJHQ2891L
Neeraj,Harjit,Chhabra,24/09/2001,M,Mehek,Harjit,998543470677,LQUYD3866S
Neeta,Rajendra,Ladkat,05/02/2001,F,Meera,Rajendra,805577569862,VJOUQ8654B
Neha,Satish,Dandekar,18/06/2000,F,Maya,Satish,421541924486,VLLFH3913Z
Neha,Rajib,Limaye,29/10/2003,F,Meena,Rajib,358651661970,EKCPY6067I
Nehal,Milind,Sahni,09/04/2002,F,Manisha,Milind,319069020801,JMOXU8212D
Niharika,Abhishek,Verma,22/08/2001,F,Mamta,Abhishek,728307104997,IEYTR3320S
Nikhil,Akash,Gupta,01/01/2001,M,Madhuri,Akash,481357994015,QQZZM0845T
Nikhil,Shakti,Patwardhan,14/05/2003,M,Madhurima,Shakti,176078042142,NFTIA2306T
Nikhil,Raju,Lohar,25/09/2001,M,Mahima,Raju,768318821408,USMPT1991Z
Nikhil,Ashok,Bajaj,06/02/2001,M,Malini,Ashok,215506044721,HZWBP5074Z
Nikita,Harminder,Chopra,19/06/2000,F,Madhu,Harminder,813054903491,VHRYX2576V
Nilanjan,Kishan,Chittibabu,30/10/2003,M,Madhavi,Kishan,560298143410,AOCMU6075L
Nilanjana,Rahul,Belliappa,10/04/2002,F,Lila,Rahul,598688812170,IWYOW2219K
Nilima,Shankar,Pardeshi,23/08/2001,F,Krishna,Shankar,321116468502,ESZTQ0175N
Nilima,Ranjan,Mahadevan,03/01/2001,F,Lakshmi,Ranjan,594325916514,ZDSBV5216O
Nilima,Ajay,Dudhela,16/05/2003,F,Leela,Ajay,600305795439,FUOIG6494X
Nilotpal,Sanjay,Gollapudi,27/09/2001,M,Komal,Sanjay,443419242799,SPKRW6175J
Nirav,Rajiv,Shetty,07/02/2001,M,Kirti,Rajiv,444605227063,EWKPW6522P
Nirmal,Binder,Kapoor,20/06/2000,M,Kiran,Binder,231525993002,LZEYG4257L
Nirmala,Rishi,Mahajan,01/11/2003,F,Kavita,Rishi,547525589696,UKZEA5668Y
Nisha,Vinod,Gupta,12/04/2002,F,Jyoti,Vinod,972934094231,ZSENK5331E
Nisha,Sharad,Ghodke,25/08/2001,F,Kajal,Sharad,797297847347,OGTNX1344Z
Nisha,Rohit,Mahale,05/01/2001,F,Kalyani,Rohit,612098402501,SKFIV7348T
Nisha,Prithvi,Raza,18/05/2003,F,Kamini,Prithvi,272260852199,MUCCI7243V
Nitin,Shiva,Khandekar,29/09/2001,M,Ishita,Shiva,684799305950,HTDGB7080I
Nitin,Ronit,Mahashabde,09/02/2001,M,Jaya,Ronit,165945559633,MQDJC6754U
Nitin,Harpreet,Datta,22/06/2000,M,Jayanti,Harpreet,269022688779,BSUAN4143O
Nivedita,Shivam,Bhalekar,03/11/2003,F,Indira,Shivam,374987461250,ROQSI3848E
Omkar,Sunil,Sharma,13/04/2002,M,Geeta,Sunil,703009133828,ZAXLC2774F
Omkar,Mohan,Sandhu,26/08/2001,M,Gitanjali,Mohan,778182426778,JUBWE3831Z
Omkar,Pulkit,Sengupta,06/01/2001,M,Harini,Pulkit,632398938036,ZNNAP6696W
Padma,Balaram,Bhatia,19/05/2003,F,Gauri,Balaram,773997572154,BHEPM7171V
Padmaja,Mukesh,Saxena,30/09/2001,F,Esha,Mukesh,459516962299,PCODR1294S
Palak,Rakesh,Shah,10/02/2001,F,Ekta,Rakesh,699002981898,IXWYV7296E
Pallab,Charanjit,Khanna,23/06/2000,M,Divya,Charanjit,576885604633,OSADQ2583O
Pallavi,Shyam,Shinde,04/11/2003,F,Chitra,Shyam,935251321092,LANGI0423P
Pallavi,Rudra,Mahimkar,14/04/2002,F,Daksha,Rudra,359746462856,TOJZD8635C
Pallavi,Harvinder,Dewan,27/08/2001,F,Deepa,Harvinder,344371306950,ZCFVI2651I
Pallavi,Raju,Shrivastava,07/01/2001,F,Deepika,Raju,802039516772,TXXCT0665Q
Pankaj,Saikat,Mahimtura,20/05/2003,M,Bhavana,Saikat,933471800941,AIJQU8403C
Pankaj,Jagraj,Dua,01/10/2001,M,Bhoomika,Jagraj,270177172709,BTBOP8290W
Paramjit,Srinivasan,Harpanahalli,11/02/2001,M,Ashwini,Srinivasan,266829930046,SZURV7693R
Parminder,Amarnath,Agarwal,24/06/2000,M,Asha,Amarnath,445301183526,WBZYV9015K
Parth,Ashish,Mehta,05/11/2003,M,Aradhana,Ashish,802250526693,VWVRG0479B
Parth,Siddharth,Mohite,15/04/2002,M,Aruna,Siddharth,176226196542,EDRCV3082K
Parvati,Rajesh,Seth,28/08/2001,F,Anushka,Rajesh,218739832031,XZISU7234C
Parvinder,Surya,Hasan,08/01/2001,M,Anju,Surya,831556724779,VRUPU9919K
Piyush,Naresh,Sethi,21/05/2003,M,Anjali,Naresh,634367282431,WDBJH4502N
Pooja,Amita,Patel,2/10/2001,F,Aashna,Amita,327843231158,SKRRJ1854Y
Pooja,Suresh,Jagtap,12/02/2001,F,Aditi,Suresh,481144486913,CIJDY7646L
Pooja,Samir,Mahindrakar,25/06/2000,F,Aishwarya,Samir,358622234328,UIOWS2751X
Pooja,Jasbir,Dutt,15/03/2004,F,Akanksha,Jasbir,524012223162,FJZMY0811A
Pooja,Daljit,Kohli,28/08/2003,F,Alka,Daljit,523433991036,ATEVP0771N
Pooja,Deepak,Chadha,04/12/2002,F,Amrita,Deepak,757086162828,ODROJ9138Z
Prabir,Rajat,Bhagat,19/06/2003,M,Aarti,Rajat,482789892402,PSJAG9570L
Prachi,Sandip,Mahindru,30/11/2002,F,Shubhangi,Sandip,851166588235,DXTGX5234U
Prachi,Jaspal,Gera,22/05/2004,F,Shruti,Jaspal,682555688884,XQJSG3511G
Pradeep,Suraj,Muley,07/07/2003,M,Shreya,Suraj,621429587903,SRARC0000Q
Pradeep,Santanu,Mahurkar,12/01/2003,M,Shubha,Santanu,669569504093,IMTRM2084B
Pradip,Krish,Chitturi,23/09/2004,M,Shradha,Krish,936009626452,PSOEA0725A
Pragya,Sushant,Gaikwad,11/10/2002,F,Shobha,Sushant,832832130133,PHSDH3294F
Prajakta,Nilesh,Shukla,05/04/2003,F,Shipra,Nilesh,187234632462,RESTG4635U
Prakash,Tarun,Mahadik,09/02/2004,M,Shikha,Tarun,739227292570,OMOTS1822T
Prakash,Rakesh,Shah,25/12/2002,M,Shilpa,Rakesh,823736737472,VJXTH6336Z
Pramod,Akash,Duggal,18/08/2003,M,Shefali,Akash,692635451429,PAYTW5766O
Pranati,Gagan,Kumar,14/06/2002,F,Sheetal,Gagan,916434108246,FOLRD6047L
Pranav,Manoj,Desai,08/09/2003,M,Seema,Manoj,203677450041,YDJWK7046X
Pranav,Saran,Mainkar,03/11/2003,M,Shalini,Saran,112682798742,CKXRC7462H
Pranav,Jaskaran,Garg,21/10/2004,M,Sharda,Jaskaran,703546047299,XKFUT4255C
Pranav,Ganapathy,Chawla,17/03/2004,M,Sharmila,Ganapathy,953265738477,KSQLN2258I
Pranjal,Santosh,Gollamudi,06/05/2003,M,Sashi,Santosh,783212717168,FSEMT3035R
Prasad,Saroj,Mali,01/01/2003,M,Sarita,Saroj,622240684823,WDHFL2429V
Prasad,Rakesh,Srinivasan,20/07/2004,M,Sarmistha,Rakesh,365764728547,FZVRL5803A
Prashant,Uday,Holkar,29/09/2003,M,Sarika,Uday,852585011348,YRPOY5717X
Prateek,Umesh,Palkar,10/08/2004,M,Sarala,Umesh,374650130913,IPIUM7748F
Pratik,Shantanu,Malkar,26/02/2004,M,Sapna,Shantanu,667726989211,HQAYL5339H
Praveen,Utkarsh,Shelar,02/10/2002,M,Sanya,Utkarsh,256588359634,UIUBL7164G
Pravin,Shibnath,Man,16/12/2003,M,Sanjukta,Shibnath,376532841905,QPENU1421H
Preethi,Ravi,Subramanian,27/01/2002,F,Sanjana,Ravi,517524119375,CIELB0677O
Preeti,Shiv,Mangulkar,13/04/2003,F,Sangita,Shiv,370221134832,QXKFK7836K
Preeti ,Manoj,Patel,24/11/2004,F,Sangeeta,Manoj,440510740188,EALJW3445W
Pritam,Mahesh,Chitnis,19/06/2002,M,Sachi,Mahesh,894107371096,TZXIJ9749D
Priti,Veer,Raut,05/08/2004,F,Rohini,Veer,149948199349,WZWJL7098H
Priti,Rajeev,Bhagavathula,30/10/2003,F,Rukmini,Rajeev,281016986889,NJVNR5423Z
Priya,Ravi,Shah,11/09/2002,F,Renuka,Ravi,593068796317,OMWPT6257S
Priya,Varun,Phadke,07/03/2004,F,Reva,Varun,686803929186,VTLDK4466G
Priya,Subhankar,Mani,22/05/2002,F,Rima,Subhankar,888943265357,RWIKP7717A
Priya,Girish,Datta,28/07/2003,F,Ritu,Girish,598044548409,WJOQX1459Z
Priyanka,Ram,Shankar,17/11/2004,F,Rashmi,Ram,595216894268,JYTCL8905P
Proloy,Satish,Gollapalli,01/12/2003,M,Rashi,Satish,652314494438,VOHRJ0235W
Pronoy,Akhil,Duggirala,25/08/2004,M,Rani,Akhil,408431266372,FFVJM3245T
Punit,Venkat,Parab,03/02/2002,M,Rama,Venkat,195665563292,BLZCM9508W
Purvi,Rajesh ,Sharma,14/01/2003,F,Rakhi,Rajesh ,627489408887,QRVJH2279B
Pushkar,Subir,Manjrekar,09/07/2004,M,Rajshree,Subir,460204295062,WWKIL1118R
Raghav,Arvind,Joshi,20/10/2003,M,Ragini,Arvind,429516341063,THKMD3104O
Raghav,Rishi,Sharma,26/06/2002,M,Rajani,Rishi,534747474410,XBADF6935J
Rahul,Vicky,Joglekar,04/04/2004,M,Rachita,Vicky,667516230785,ANYPG4939T
Rahul,Jaspreet,Gulati,18/12/2002,M,Radha,Jaspreet,671126799024,LNMLC3992D
Rahul,Harish,Dhillon,12/08/2003,M,Radhika,Harish,705483482102,KQSUV5271N
Raj,Vijay,Bapat,08/05/2004,M,Priyanka,Vijay,714474148247,GBVWY7571Q
Raj,Jayaram,Garg,16/09/2002,M,Rachana,Jayaram,992098918479,XZTQW9498B
Raja,Ritesh,Thakkar,23/11/2004,M,Priya,Ritesh,562624303643,DTARW2265J
Rajani,Rohan,Thakur,05/07/2003,F,Preeti,Rohan,792957115199,VEWZW0550Q
Rajanigandha,Nitin,Sinha,30/01/2002,F,Pratibha,Nitin,722624320970,RVWYF1523O
Rajarshi,Gurdit,Lamba,01/06/2003,M,Pragati,Gurdit,266491759750,CBMMQ0822W
Rajat,Anand,Mehta,24/10/2002,M,Poonam,Anand,646650810697,VUYWK2938C
Rajat,Rajesh,Bhalla,14/03/2004,M,Prachi,Rajesh,979580843782,KEDGL5839X
Rajendra,Subrata,Mankame,27/08/2002,M,Padmini,Subrata,427753575342,WOLGE3436Y
Rajesh,Vikas,Rane,19/12/2003,M,Neeti,Vikas,918106504124,CODTE3158C
Rajesh,Sudip,Mankar,13/09/2004,M,Neetu,Sudip,160398826490,XIADD8444Q
Rajesh,Jatinder,Khanna,11/05/2002,M,Nidhi,Jatinder,895983943705,ANMZL2700N
Rajesh,Karthik,Ghosh,07/11/2003,M,Nisha,Karthik,100761138698,ZPMFZ7288T
Rajesh,Rupesh,Trivedi,22/02/2004,M,Padma,Rupesh,855229474942,OSLWY7078V
Rajib,Akshay,Dugar,17/07/2002,M,Neeta,Akshay,207477832983,BHXQV8492F
Rajinder,Thirumal,Hattangadi,09/04/2003,M,Neha,Thirumal,306584691037,DCRSP8144Y
Rajiv,Vikram,Ranade,28/01/2004,M,Neela,Vikram,852478687026,OSRNE4599O
Rajkumar,Manoj,Chokshi,08/10/2002,M,Namrata,Manoj,454122942377,CXCWR7204E
Rajkumar,Srinivas,Goli,25/03/2003,M,Nandini,Srinivas,956392761158,PAMJR2769A
Rakesh,Vinay,Khot,20/06/2004,M,Nalini,Vinay,861299232103,WPJOK5490T
Ram,Abhay,Gill,04/09/2002,M,Mohini,Abhay,610180531579,OMBPC1004K
Ramanpreet,Anantha,Ahuja,15/12/2003,M,Meghana,Anantha,958365729667,IIVYU3880H
Ramesh,Vipin,Khedekar,31/08/2004,M,Maya,Vipin,911680303184,TTBZP0893H
Ramesh,Sukanta,Marathe,06/04/2002,M,Meena,Sukanta,941372594269,OYDOZ7685Z
Ramesh,Adarsh,Gupta,23/11/2003,M,Meenakshi,Adarsh,986388899343,BDUAV6124B
Ramya,Vishal,Kolhe,12/07/2004,F,Manisha,Vishal,745476521109,QSSNC6410S
Ramya,Rushabh,Varma,27/05/2002,F,Manjula,Rushabh,966320421025,WUUHR2854Y
Ranbir,Uday,Hegde,19/10/2003,M,Mamta,Uday,346155586738,SFAIE4036P
Rani,Joginder,Kohli,03/02/2004,F,Madhura,Joginder,495834683910,XFLKO2536A
Rani,Gurdev,Malhotra,14/09/2002,F,Mahalakshmi,Gurdev,597321720516,MQZLX8498V
Rani,Rohit,Shekhar,09/03/2004,F,Malini,Rohit,526709641281,FJMOC5401Y
Ranjan,Vivek,Godbole,25/08/2003,M,Madhavi,Vivek,869007765698,DDFLT7341R
Rashmi,Ajay,Jha,31/01/2004,F,Laxmi,Ajay,940993797478,XSFAV9503E
Ratna,Mukul,Chowdary,20/07/2002,F,Kusum,Mukul,606733602434,LTNNW5873G
Ratnabali,Amar,Duggirala,11/12/2003,M,Kirti,Amar,533297299008,RUEDP5766P
Ratul,Rakesh,Bhandari,05/06/2004,M,Kaveri,Rakesh,730901577335,JJUZB8923C
Ravi,Yash,Patankar,15/01/2002,M,Janaki,Yash,599674634907,IQBGP8543V
Ravi,Sumit,Marathe,26/10/2003,M,Jyoti,Sumit,307008080604,SAOTQ8998N
Ravi,Gurjot,Mathur,17/04/2004,M,Kalyani,Gurjot,629256408740,FJGWR2587A
Ravi,Ronak,Shukla,07/09/2002,M,Kamini,Ronak,708906825031,OKPIG5835J
Ravinder,Aravind,Arora,29/05/2003,M,Indira,Aravind,544565668191,SKVCR5410T
Ravindra,Sachin,Venkatesh,23/08/2004,M,Harini,Sachin,158868823716,OLVQB6464P
Reena,Yashpal,Mangeshkar,12/02/2002,F,Hansika,Yashpal,628645665701,SXFFK0001H
Rekha,Surya,Agarwal,08/11/2003,F,Girija,Surya,897617169249,MESDA5624F
Rekha,Harinder,Mehta,28/06/2004,F,Gouri,Harinder,984089895844,UIMVZ2619T
Rekha,Rushil,Sood,19/01/2002,F,Gowri,Rushil,497362945463,MAEFC2941R
Renuka,Raman,Bharadwaj,04/05/2003,F,Geeta,Raman,196465108976,KLJPY1530I
Reshma,Swarup,Ahluwalia,30/09/2004,F,Gargi,Swarup,588774833605,MEQGU7421S
Reshma,Sameer,Vyas,14/04/2002,F,Gayatri,Sameer,402706678977,NPFII8014C
Revati,Akash,Kapoor,10/08/2003,F,Devika,Akash,531722781627,KIMCW3171A
Rhea,Karan,Gupta,01/12/2004,F,Deepika,Karan,506527518881,BDRPK7426C
Riddhi,Alok,Gupta,24/06/2002,F,Deepali,Alok,599054301526,EWUCY7811O
Rima,Suresh,Gompa,05/10/2003,F,Charulata,Suresh,841315518476,BJNJJ3332G
Rina,Ramesh,Bharani,22/03/2004,F,Bhuvana,Ramesh,850637356089,VZUAD5544S
Rishabh,Vikram,Patel,13/07/2002,M,Bhavana,Vikram,476339658845,WVMAM7330W
Rishav,Neeraj,Dandapat,09/11/2003,M,Bharati,Neeraj,965004749370,JJKGL7587Y
Rita,Naresh,Dandamudi,28/02/2004,F,Bhagyashree,Naresh,385007717153,AXDWH6430S
Ritesh,Tapas,Arora,18/08/2002,M,Bhagyalakshmi,Tapas,514443366924,HJPLB4974D
Ritu,Arjun,Emken,25/01/2003,F,Ashwini,Arjun,240872031288,MCSLL2063K
Rituraj,Suraj,Gopalam,05/05/2004,F,Asha,Suraj,441552451293,KSZGI5891W
Riya,Sachin,Sharma,20/10/2002,F,Archana,Sachin,631829970558,DEKJB4729H
Riya,Yogesh,Gujar,07/04/2003,F,Arundhati,Yogesh,619419637261,JJXJZ7797F
Rohan,Deepak,Singh,30/11/2004,M,Anuja,Deepak,679444659762,BTJWZ2299E
Rohan,Aditya,Chitnis,16/06/2002,M,Anupama,Aditya,135046678038,NJDOR4772J
Rohan,Tarak,Bajaj,11/09/2003,M,Aparna,Tarak,231823506769,TKMCL3287R
Rohan,Amar,Khanna,01/03/2004,M,Arati,Amar,553989365383,VPAHS2138H
Rohini,Omkar,Talwar,23/07/2002,F,Anandi,Omkar,149394450316,VUJEU9273O
Rohini,Sanjay,Subramaniam,17/12/2003,F,Anjali,Sanjay,181862366759,KRHKL0379U
Rohit,Karan,Kumar,05/08/2004,M,Anagha,Karan,110263641304,XKQTB0094J
Ruchi,Rajesh ,Patel,26/04/2002,F,Akanksha,Rajesh ,981173566593,OPCIT2380O
Ruchi,Abhishek,Phadnis,20/10/2003,F,Akshata,Abhishek,690711246224,FJEAD6409C
Ruchi,Karanjit,Lamba,08/02/2004,F,Amruta,Karanjit,612844426348,GRTFG3770A
Rupa,Alok,Dabholkar,14/08/2002,F,Aditi,Alok,813867552828,DCPEK7273Q
Rupak,Anand,Emani,31/01/2003,M,Abhilasha,Anand,111714559547,WUQWJ3315V
Rupali,Jasdeep,Mehta,21/05/2004,F,Abha,Jasdeep,913713353524,BBFNR7606D
Rushabh,Ansh,Karandikar,12/11/2002,M,Aarti,Ansh,566956365486,ZGTGG8154G
Saanvi,Satish,Shah,06/03/2003,F,Aarohi,Satish,722736495147,SBRWO3966K
Sachin,Ujjal,Bakshi,27/09/2004,M,Vidyavati,Ujjal,563601052673,YHLRD4573Y
Sachin,Kirpal,Malhotra,18/04/2002,M,Vijaya,Kirpal,151590191123,ZGPWF1923P
Sachin,Sandeep,Acharya,08/10/2003,M,Vishakha,Sandeep,346871797130,ULIMN0307K
Sachin,Sarvesh,Suri,02/02/2004,M,Yamini,Sarvesh,604971129232,VSREO3190T
Sadanand,Pradeep,Vaid,22/07/2002,M,Veena,Pradeep,662045017121,RSBLZ1167V
Sadhana,Uttam,Bhatia,16/12/2003,F,Vasundhara,Uttam,478244011303,ZJPUX6630E
Sagar,Arvind,Wani,07/06/2004,M,Usha,Arvind,667353757236,ZWRPV0085C
Sagar,Kuldeep,Mathur,15/03/2004,M,Vaishnavi,Kuldeep,936017964523,IPIEF2073H
Sahana,Amit,Kumar,28/08/2003,F,Uma,Amit,626976144237,QNUEX4248V
Sahil,Ashwin,Kadu,04/12/2002,M,Sushma,Ashwin,243999866257,QMUWY9671X
Sahil,Kulwinder,Mehra,19/06/2003,M,Swarna,Kulwinder,320633310941,DFWSE1564L
Sahil ,Ashwin,Verma,30/11/2002,M,Surekha,Ashwin,309322066577,TZQQC6445I
Sahitya,Sanjay,Adhikari,22/05/2004,F,Supriya,Sanjay,786364762132,YRSHO9805P
Saikat,Ravi,Bharathi,07/07/2003,M,Sunita,Ravi,966525321703,TNMSJ0505A
Sajal,Nirmal,Dandin,12/01/2003,F,Suma,Nirmal,112105814300,BCXVQ7228W
Sajal,Venkat,Gopalan,23/09/2004,F,Sunanda,Venkat,187832159463,ODIBL7077A
Sajani,Arvind,Epparapalli,11/10/2002,F,Sujatha,Arvind,712169050639,UBWJZ7081E
Sakshi,Ayush,Mahajan,05/04/2003,F,Srilatha,Ayush,924810824215,WKEQF8225M
Saloni,Bharat,Bhandari,09/02/2004,F,Sridevi,Bharat,857522181859,CGUYL8341W
Samaira,Arun,Kumar,25/12/2002,F,Sravani,Arun,559348762653,NWYIG8559T
Sameer,Abhishek,Mehta,18/08/2003,M,Sindhu,Abhishek,140493312171,OMKEJ4408G
Sameer,Vicky,Chaudhary,14/06/2002,M,Sneha,Vicky,876646059136,LMKNK6672X
Sameer,Lakhbir,Mehta,08/09/2003,M,Sowmya,Lakhbir,524494405437,TVRQF4796T
Samir,Chetan,Barve,03/11/2003,M,Shreya,Chetan,421914672522,NVBCF4585Y
Samir,Jatinder,Mittal,21/10/2004,M,Shweta,Jatinder,185644293144,ETVLE1593P
Sampada,Vivek,Chawla,17/03/2004,F,Shraddha,Vivek,237412463636,QNOHM9861S
Sampatti,Prakash,Vashisht,06/05/2003,F,Shilpa,Prakash,104415429033,REJKU5963E
Sanaya,Sudeep,Sharma,01/01/2003,F,Shanthi,Sudeep,955924376528,SHTCM2709G
Sanchita,Prasad,Wadhwa,20/07/2004,F,Shakuntala,Prasad,489675017144,VFLDN9816T
Sanchita,Rohit,Bharatula,29/09/2003,F,Shalini,Rohit,645432592825,BXBLC3497P
Sandeep,Deepak,Inamdar,10/08/2004,M,Sarada,Deepak,357106189740,GTXYH9227D
Sandeep,Abhijeet,Dhillon,26/02/2004,M,Savitha,Abhijeet,456325608643,RSQGA5203I
Sandhya,Shaan,Swamy,02/10/2002,F,Sanjana,Shaan,264268346950,UUKGL8152C
Sangeeta,Lovepreet,Mehta,16/12/2003,F,Sangeetha,Lovepreet,136795670735,XRYWJ0068H
Sanghamitra,Omkar,Dasari,27/01/2002,F,Rukmini,Omkar,736116164187,YLBXB4540K
Sangita,Abhik,Dhawan,13/04/2003,F,Rekha,Abhik,666650813973,KDBSZ8658X
Sangita,Karandeep,Muk,24/11/2004,F,Revathi,Karandeep,984106179734,XLQTL9261C
Sanjana,Dinesh,Karkhanis,19/06/2002,F,Rashmi,Dinesh,649188381063,IDSZZ6207Y
Sanjay,Devendra,Durve,05/08/2004,M,Priya,Devendra,502734651550,TABZW0485W
Sanjay,Adarsh,Dua,30/10/2003,M,Radha,Adarsh,859803676354,ZXGOF7474P
Sanjay,Maninder,Mittal,11/09/2002,M,Rajeshwari,Maninder,186903973293,THWRO6246Y
Sanjay,Khushwant,Adiga,07/03/2004,M,Rama,Khushwant,142318409113,TYJON6102J
Sanjay,Anand,Mahajan,22/05/2002,M,Ramya,Anand,634250545312,ZRVVM2200X
Santosh,Gautam,Datar,28/07/2003,M,Parvathi,Gautam,927952274394,DZZAH9551F
Santosh,Aditya,Garg,17/11/2004,M,Pavithra,Aditya,243243310243,PCWII3158Y
Santosh,Anil,Malhotra,01/12/2003,M,Poornima,Anil,922608729611,QMVKH1632W
Sapna,Girish,Salunke,25/08/2004,F,Navya,Girish,158955804187,IOESX2458P
Sapna,Manjeet,Mukherjee,03/02/2002,F,Padma,Manjeet,615208147806,UOMWB4602N
Saraswati,Ankit,Mehta,14/01/2003,F,Nandini,Ankit,984085055984,BPRXQ1835A
Sarbani,Ashok,Eradi,09/07/2004,F,Meenakshi,Ashok,963587924322,CWIEF3057S
Sarbjit,Vasanth,Hemmadi,20/10/2003,M,Mahalakshmi,Vasanth,875077622256,MVHUZ4122B
Sarika,Harish,Mokashi,26/06/2002,F,Lakshmi,Harish,746566147849,WTFJS3932F
Sarika,Alok,Gill,04/04/2004,F,Lavanya,Alok,597951358943,HYJWY1663R
Sarika,Santosh,Agrawal,18/12/2002,F,Madhavi,Santosh,229147197289,TUGDE0518H
Saroj,Sachin,Bhaskar,12/08/2003,M,Jayalakshmi,Sachin,356904807006,FRLHN2660P
Saroj,Anup,Mishra,08/05/2004,M,Kavya,Anup,678371943316,GEWXQ7530E
Sarojini,Vijay,Goparaju,16/09/2002,F,Janani,Vijay,742959852860,THYSX8299T
Sarthal,Mahesh,Patel,23/11/2004,M,Indira,Mahesh,665137068929,WYSDQ5962M
Satish,Himanshu,Sathe,05/07/2003,M,Gowri,Himanshu,640700548266,LZQKQ0494T
Satish,Amit,Goel,30/01/2002,M,Harini,Amit,400906336521,NIQVY7789K
Satyajit,Pardeep,Dasgupta,01/06/2003,M,Geetha,Pardeep,394607141373,OBCHM2026X
Savita,Amrit,Gupta,24/10/2002,F,Gayathri,Amrit,998840735526,ZAGQN7287M
Seema,Hitesh,Dhekane,14/03/2004,F,Chandana,Hitesh,658890464518,HVTRB6383C
Seema,Ananda,Handa,27/08/2002,F,Devika,Ananda,736907507535,JYANO2030H
Seema,Manjinder,Narang,19/12/2003,F,Divya,Manjinder,882097624374,TAXIK3419J
Shailendra,Jai,Apte,13/09/2004,M,Bhuvana,Jai,272242294085,WIOJW3317R
Shakti,Arjun,Mittal,11/05/2002,F,Bhavani,Arjun,708316419752,JHGVF4383K
Shalini,Jayesh,Randive,07/11/2003,F,Anusha,Jayesh,599426688911,NMWGD8334R
Shalini,Pratik,Yadav,22/02/2004,F,Aparna,Pratik,187254914012,YWOSS0568E
Shalini,Manpreet,Narayan,17/07/2002,F,Arundhati,Manpreet,423717372317,JOCAW6639I
Shalini,Shlok,Tandon,09/04/2003,F,Ashwini,Shlok,343737800758,DXNFI4288U
Shankar,Sarthak,Anwar,28/01/2004,M,Anjali,Sarthak,999988338812,TROPC2879J
Shankari,Siddharth,Thomas,08/10/2002,F,Ananya,Siddharth,371770340372,UWQFK0812Z
Shanta,Sameer,Bhat,25/03/2003,F,Amrutha,Sameer,696190394710,OPCDK6513T
Shantanu,Kamal,Kelkar,20/06/2004,M,Aishwarya,Kamal,724535430336,LEPIR1334Q
Shantanu,Aniruddha,Kapoor,04/09/2002,M,Akshara,Aniruddha,238199653855,GYUIU2814D
Shanti,Shrey,Thanikachalam,15/12/2003,F,Aditi,Shrey,217292439513,MHIAX9027B
Shaon,Pawan,Dash,31/08/2004,M,Abhirami,Pawan,224046847407,FQNOK3207D
Sharad,Arindam,Khanna,06/04/2002,M,Aarthi,Arindam,800784841243,ZUJBX9781D
Sharmila,Arjun,Kohli,23/11/2003,F,Oishi,Arjun,606978818290,LNWKR9774R
Sharmila,Mandeep,Achar,12/07/2004,F,Mithila,Mandeep,880227205691,HBZDD8887G
Sharmila,Vikram,Gopalakrishnan,27/05/2002,F,Tanima,Vikram,955790140924,IWFNZ0190W
Sharmistha,Pramod,Dasharathi,19/10/2003,F,Tania,Pramod,797295239476,RNHEI0934L
Shashank,Asim,Kumar,03/02/2004,M,Anindita,Asim,499450772595,EXUME4339K
Shashi,Kapil,Gaikar,14/09/2002,F,Yashodhara,Kapil,635272452323,HVYJX8271C
Shashi,Rahul,Ahuja,09/03/2004,F,Zara,Rahul,169044789823,GIGNN5261H
Shashi,Balaji,Eranda,25/08/2003,F,Zarina,Balaji,817574884946,WWSSG7211M
Shashi,Satish,Banerjee,31/01/2004,F,Zeenat,Satish,294668827395,KSMHI9230D
Sheetal,Avik,Mahajan,20/07/2002,F,Yashika,Avik,763651500589,EBSVD0419I
Shikha,Anil ,Sharma,11/12/2003,F,Vidya,Anil ,826439072286,HFHIY1626W
Shikha,Kiran,Chandratre,05/06/2004,F,Vinita,Kiran,656791517182,FHMPQ5299J
Shikha,Rajendra,Bhatnagar,15/01/2002,F,Yashasvi,Rajendra,641111092937,NJNJP3680Z
Shilpa,Barun,Malhotra,26/10/2003,F,Veda,Barun,272224631197,AIYJV8075C
Shilpa,Rajesh,Chadha,17/04/2004,F,Veena,Rajesh,443493994986,YCXNT2240S
Shirin,Rakesh,Chhabra,07/09/2002,F,Varsha,Rakesh,908549508591,NNFQE1489Y
Shital,Bikram,Mehra,29/05/2003,F,Vani,Bikram,372283733914,YHSSK1499X
Shiv,Krish,Shroff,23/08/2004,M,Urmi,Krish,540648138465,QRQRS8532P
Shiv,Mohinder,Oberoi,12/02/2002,M,Urvashi,Mohinder,157101863749,KZCEB4713X
Shiva,Lokesh,Jathar,08/11/2003,M,Trisha,Lokesh,239748980454,MZPWN7619W
Shivam,Sunil,Patel,28/06/2004,M,Tripti,Sunil,509468070802,LLJCS8244F
Shivani,Sohan,Tiwari,19/01/2002,F,Tina,Sohan,996233054915,LCEUJ3356B
Shobha,Mahesh,Kanitkar,04/05/2003,F,Tanisha,Mahesh,510051867559,MWQES2829G
Shreya,Anish,Shah,30/09/2004,F,Supriya,Anish,165208048793,NZKPK6456S
Shreya,Manoj,Jahagirdar,14/04/2002,F,Suravi,Manoj,144194695457,SADII4897D
Shreya,Bharath,Eswaran,10/08/2003,F,Sushmita,Bharath,161187537966,ICQGP1744E
Shreya,Arvind,Mohan,01/12/2004,F,Swati,Arvind,600228320792,EAITN9016S
Shreyas,Mohan,Gadgil,24/06/2002,M,Sunita,Mohan,704438143269,BHXXM0145I
Shrikant,Debjit,Mehta,05/10/2003,M,Sunaina,Debjit,827048496999,VMQOS9412T
Shruti,Mukesh,Malusare,22/03/2004,F,Suman,Mukesh,354110393764,XWLCD7888Z
Shrutika,Vinay,Gopisetty,13/07/2002,F,Sujata,Vinay,904483243044,GIPEY7194W
Shubha,Ramesh,Datta,09/11/2003,F,Sonali,Ramesh,721553825361,YJSCH8545P
Shubham,Mahesh,Shah,28/02/2004,M,Simran,Mahesh,825238427863,JIHMT5441G
Shubham,Navdeep,Adiga,18/08/2002,M,Soma,Navdeep,455035122363,EXILJ8106T
Shubhangi,Debopriyo,Modi,25/01/2003,F,Shruti,Debopriyo,637087635945,OBYZU0555C
Shubhra,Sandeep,Bhatia,05/05/2004,F,Shreya,Sandeep,950364295844,CHVRD3016T
Shuvra,Pranav,Datar,20/10/2002,F,Shanti,Pranav,239311950879,GPZAD4439Z
Shuvro,Prabhdeep,Agarwal,07/04/2003,F,Shalini,Prabhdeep,353259023777,TWJZH6267C
Shweta,Debrup,Monga,30/11/2004,F,Sapna,Debrup,617040953650,VQQPU9120I
Shweta,Mohit,Puri,16/06/2002,F,Sarita,Mohit,792718571819,ZGLDJ4919N
Shyam,Shailesh,Basu,11/09/2003,M,Sanjana,Shailesh,202026745081,OOFXN2339S
Shyama,Sujay,Trivedi,01/03/2004,M,Sangeeta,Sujay,794801326121,GOCIC7348M
Siddharth,Vimal,Mehta,23/07/2002,M,Riya,Vimal,165524979793,ZJZEH5700Z
Siddharth,Naveen,Mulay,17/12/2003,M,Roshni,Naveen,498794772792,EHDIC6874N
Siddharth,Dipayan,Nagpal,05/08/2004,M,Saachi,Dipayan,811068341073,UJHLW3094W
Siddharth,Ashish,Mukherjee,26/04/2002,M,Sabita,Ashish,812025614658,YEDEY7709W
Simran,Vikas,Gupta,20/10/2003,M,Rani,Vikas,791639026407,KHXDC3709G
Simran,Nitin,Devdhar,08/02/2004,F,Rima,Nitin,503823423580,UFQUQ0498I
Simran,Ravi,Dogra,14/08/2002,F,Rina,Ravi,339519051964,AOAFD8858E
Simranjit,Venkatesh,Ikkurthi,31/01/2003,F,Radha,Venkatesh,776394591739,FUCUA0922K
Siya,Virendrea,Mehra,21/05/2004,F,Puja,Virendrea,545596397184,JVYEU0971D
Smita,Rohit,Ganju,12/11/2002,F,Priya,Rohit,471273076397,MKUQJ4604T
Sneha,Manish,Sharma,06/03/2003,F,Nilima,Manish,866254554807,SAWFR0339Z
Sneha,Parag,Pote,27/09/2004,F,Nirmala,Parag,361784205571,WSWWG6886Y
Sneha,Gourab,Nanda,18/04/2002,F,Poonam,Gourab,795536061561,GJYZE3846L
Sneha,Ayush,Nair,08/10/2003,F,Prerna,Ayush,409093040771,HNOUF9258M
Snehal,Sanjeev,Bhattacharya,02/02/2004,F,Niharika,Sanjeev,151834731843,OHSPZ5362H
Soham,Rakesh,Patel,22/07/2002,M,Neha,Rakesh,760222136640,TZCNU7322K
Somesh,Vishal,Goradia,16/12/2003,M,Nandini,Vishal,931097683449,OVEXK1925R
Somnath,Prem,Dattar,07/06/2004,M,Mitali,Prem,550951860593,WSZKI6853R
Somnath,Chaitanya,Gadde,15/03/2003,M,Monisha,Chaitanya,451270231963,TJXFJ4499R
Sonal,Goutam,Narang,22/08/2002,F,Manisha,Goutam,989278468327,RWPLP6296H
Sonal,Satinder,Tuli,04/08/2004,F,Mira,Satinder,773654613769,JNGQL8389I
Sonali,Sachin,Grewal,10/11/2001,F,Malini,Sachin,372641850033,NNTOM1737I
Sonia,Pradeep,Dalvi,05/05/2004,F,Madhu,Pradeep,134538855415,OQSSC1608Q
Sonia,Navjot,Rai,29/12/2000,F,Mahima,Navjot,269677934485,TVLMG4231Z
Sonu,Prakash,Deo,17/09/2003,F,Madhavi,Prakash,533339439698,RFQWH4417B
Sowmya,Shashank,Bose,28/06/2001,F,Lata,Shashank,747696698509,YMWBZ2042E
Srinivas,Bhavesh,Patel,19/04/2002,M,Krishna,Bhavesh,374205976174,RODXS7738B
Srinivasan,Sumit,Upadhyay,02/10/2000,M,Khushi,Sumit,172139018453,QROUO3261Y
Sriram,Shekhar,Chauhan,14/07/2001,M,Kavita,Shekhar,198873449597,FYFQG9050F
Subarna,Santosh,Bhimavarapu,20/01/2004,F,Kamala,Santosh,222720367054,HQOTQ6055C
Subir,Satish,Bhuvanagiri,09/03/2003,M,Kalyani,Satish,789151309037,DQWBC5442W
Suchitra,Shashank,Biradar,08/08/2000,F,Jyoti,Shashank,562404508242,HMUUF8628Z
Suchitra,Shiv,Choudhury,26/11/2002,F,Kajal,Shiv,743407187538,CYGUC7117N
Sudeep,Rajendra,Datti,03/09/2001,M,Jaya,Rajendra,428660514256,RNSOM5347T
Sudha,Tanay,Vaidya,18/05/2000,F,Ishani,Tanay,137156149983,EPXGI6327P
Sudip,Deepak,Gadi,07/12/2003,F,Ipsita,Deepak,784757163020,NWTNE4866E
Suhana,Vinay,Shah,23/10/2002,M,Indira,Vinay,681822482200,EUKME5304F
Sujan,Abhishek,Gorantla,30/04/2001,M,Esha,Abhishek,126203022577,JSXGA8070R
Sujata,Praveen,Kshirsagar,12/06/2000,F,Deepika,Praveen,259786201190,RVNUB1053O
Sujata,Hrishikesh,Oberoi,25/02/2003,F,Devika,Hrishikesh,891459337364,YGZYV1133G
Sujata,Prabhjot,Alapati,04/01/2002,F,Diya,Prabhjot,340459432310,BFLKK6616Z
Sujata,Shyam,Dey,11/08/2004,F,Divya,Shyam,167804401491,IUNJB3923Y
Sujit,Shubham,Biswas,27/03/2001,M,Debasmita,Shubham,986257316388,YJPXA7426R
Sukhdev,Vijay,Inakollu,16/09/2000,M,Chandrima,Vijay,952184783036,DRRSE8239X
Suman,Indranil,Puri,06/11/2003,F,Ayesha,Indranil,935911527246,QOHRK5208J
Suman,Ravinder,Alluri,21/07/2002,F,Ayushi,Ravinder,774525856578,KREEQ0537C
Suman,Tejas,Varghese,24/12/2000,F,Binita,Tejas,565782830266,KBYAB2990U
Sumantra,Sameer,Kohli,13/04/2003,F,Asmita,Sameer,243376327940,SYPLK5311N
Sumit,Rajesh,Javale,01/10/2001,M,Anushka,Rajesh,804111123742,JJPJR1096B
Sumit,Nirmal,Rana,05/05/2000,M,Arya,Nirmal,516428987256,GUWMD1331E
Sumita,Tajpreet,Ambati,10/01/2004,F,Anjana,Tajpreet,292787492603,THFPP8643X
Sumon,Siddharth,Bodapati,19/08/2002,M,Anjali,Siddharth,476267053418,MBWVF0415X
Sunanda,Jagannath,Rana,07/11/2001,F,Anindita,Jagannath,133900915855,PCXNJ5353H
Sunanda,Sunil,Boddu,22/03/2003,F,Anisha,Sunil,595726217570,KWSJO7878Z
Sundar,Ujjwal,Varma,28/06/2000,M,Ananya,Ujjwal,754918605103,KAKPB9563L
Sunil,Rakesh,Kothare,09/12/2002,M,Aaratrika,Rakesh,583208662418,LTCYB7231O
Sunil,Paramjit,Rao,17/09/2001,M,Aditi,Paramjit,910118596050,JRYVZ1436E
Sunita,Sandeep,Lal,06/04/2000,F,Chitra,Sandeep,486219716094,PEFHN6556N
Sunita,Rajiv,Dave,25/11/2003,F,Diya,Rajiv,769968590404,URWUV6321P
Sunita,Bhupendra,Pathak,08/07/2002,F,Aaradhya,Bhupendra,827294500310,OFRXP7754F
Suniti,Ganesh,Gadre,16/05/2001,F,Chhavi,Ganesh,294574936797,PNUIO4186M
Suparna,Suresh,Bogolu,31/01/2000,F,Bhavna,Suresh,337726672125,OFVGU6486X
Supriya,Abhinav,Anand,18/10/2003,F,Apoorva,Abhinav,614800000441,HUWVQ2546V
Suraj,Ranjit,Bhide,03/08/2001,M,Anjali,Ranjit,590022045834,KPCUH8668F
Suraj,Parvinder,Sachdev,22/04/2000,M,Ankita,Parvinder,881934181404,IXLCT9015W
Suraj,Chetan,Rana,11/12/2002,M,Anshika,Chetan,513652387631,OSZLL3043D
Suravi,Rameshwar,Desai,26/09/2000,F,Ananya,Rameshwar,192681001597,JOHOT4234G
Suresh,Ravi,Abhyankar,15/11/2003,M,Yashoda,Ravi,890719742711,UCLRZ1099U
Suresh,Kaushik,Rao,30/07/2001,M,Aaradhya,Kaushik,284054224984,UFFRK4968T
Suresh,Deepak,Rao,05/03/2000,M,Aarti,Deepak,527876141372,KBQAS3238Z
Suresh,Utsav,Veeraraghavan,14/09/2002,M,Aditi,Utsav,908455938892,IOKUR1477C
Surojit,Girish,Gadwal,21/06/2000,M,Vishakha,Girish,535116400787,XUXOP7848B
Surya,Siddharth,Dutta,10/01/2003,M,Vidya,Siddharth,981528144185,GGAGT1532T
Sushant,Krishnendu,Seth,23/08/2001,M,Vibha,Krishnendu,151697788630,WXZPL7063O
Sushil,Aditya,Anandaraj,07/04/2000,M,Varsha,Aditya,497435657849,FXXLS1509F
Sushila,Vaibhav,Venkataraman,26/12/2002,F,Vandana,Vaibhav,224858505834,BWKZH7740H
Sushma,Sanjay,Malhotra,04/10/2001,F,Vaishali,Sanjay,722172694791,SYWUQ1170B
Sushmita,Tarun,Bolisetty,19/05/2000,F,Urvashi,Tarun,527661099873,OBXPA2343N
Sutapa,Ratan,Deshpande,29/11/2003,F,Tanvi,Ratan,951871795989,JAERG0312M
Sutapa,Harish,Gajula,09/08/2002,F,Trisha,Harish,734175245034,QVLMX7011U
Suvendu,Adarsh,Gorijala,18/02/2001,M,Swati,Adarsh,217546614935,UXXQA7240G
Swarna,Soham,Eswaran,08/07/2000,F,Suman,Soham,716724451925,IIWRL2736T
Swarupa,Akash,Gorla,27/01/2003,F,Sonia,Akash,779429657640,FLWNV6472Q
Swati,Rohan,Borgaonkar,15/09/2001,F,Sneha,Rohan,615596347553,SCKQM6081P
Swati,Abhijit,Sharma,01/06/2000,F,Sonal,Abhijit,143028724951,HNCRD8748N
Tanaya,Akash,Annamalai,21/12/2002,F,Simran,Akash,897155440345,BDKPJ9968G
Tanisha,Sachin,Gole,30/09/2000,F,Shruti,Sachin,463276230482,HATYY5916F
Tanuja,Santosh,Mehrotra,11/05/2003,F,Shreya,Santosh,798638460845,MPFDC7831E
Tanvi,Prashant,Patel,20/03/2001,F,Seema,Prashant,533415960478,YDQDI0068H
Tanvi,Sameer,Andhare,06/11/2000,F,Shalini,Sameer,282188604835,EHNPF9870V
Tanvi,Pawan,Saini,24/08/2003,F,Shikha,Pawan,153212500413,WJVAI3519I
Tanvi,Dhaval,Reddy,02/04/2002,F,Shilpa,Dhaval,943170536748,TTLZT4625O
Tapan,Amar,Annigeri,13/12/2000,M,Sarika,Amar,423135041998,EVSYZ4662P
Tapas,Umesh,Brahmanandam,26/06/2003,M,Sanya,Umesh,124343136115,UZPGI3552U
Tapash,Ravinder,Desikan,03/02/2001,M,Sapna,Ravinder,130279525617,KVORZ2542V
Tapati,Amit,Appaji,10/08/2000,F,Sanjana,Amit,235395927463,ZUNEX7510F
Tara,Prabhjot,Saini,19/04/2003,F,Sangeeta,Prabhjot,589297598014,ARFHU0192H
Tarak,Varun,Budati,29/10/2001,M,Saloni,Varun,223766356623,XQEKL9069T
Taranga,Anirudh,Gottipati,07/07/2000,M,Sakshi,Anirudh,572390178810,TICDE3481S
Tarun,Anil,Verma,16/01/2003,M,Ritu,Anil,829628388220,YLXMK0563Y
Tarun,Sandeep,Ingle,25/09/2000,M,Riya,Sandeep,713484896511,ZDHEH4762Z
Tarun,Pradeep,Sandhu,14/11/2002,M,Roshni,Pradeep,285374272111,HUIJC3055C
Tejas,Aditya,Singh,22/05/2001,M,Ria,Aditya,958141751148,QIYKA7966P
Tejas,Sumit,Ganapathy,05/01/2000,M,Riddhi,Sumit,882653236282,HUZWQ3313Q
Tina,Sanjay,Ghorpade,23/07/2003,F,Renu,Sanjay,153930470170,HFMHJ9826O
Tirthankar,Karthik,Ganesan,02/03/2002,M,Rashi,Karthik,826725194595,BQPCV2668I
Titas,Vikas,Burugapalli,09/09/2000,M,Purnima,Vikas,268836227758,FFHMJ6082A
Tithi,Saurabh,Deva,18/12/2003,F,Priti,Saurabh,104505047105,HLKZC7686S
Trilok,Varun,Venugopal,28/08/2001,M,Priya,Varun,951195296546,GGOKE4123I
Trisha,Rahul,Mehta,15/06/2000,F,Prachi,Rahul,947317236627,USQHX4690J
Trisha,Santosh,Karkare,25/02/2003,F,Pragati,Santosh,767661856233,BPXAY1881N
Trisha,Dheeraj,Roy,04/10/2001,F,Prerna,Dheeraj,823827878894,ZWXCH9076W
Trishna,Satish,Nair,11/04/2000,F,Pooja,Satish,540058785443,FNHRR3130L
Trupti,Ajay,Sood,20/12/2002,F,Pallavi,Ajay,246162333078,HWYTQ9001K
Tushar,Satish,Jog,30/07/2001,M,Nisha,Satish,595303681191,DRBXZ0006U
Uday,Shantanu,Limaye,06/03/2000,M,Natasha,Shantanu,134648307219,RKHFC4096M
Uday,Prakash,Sareen,14/11/2003,M,Neha,Prakash,739649934912,QEFSG5862X
Uday,Vedant,Vohra,23/09/2002,M,Nidhi,Vedant,237041439365,TBABV8953B
Udit,Sachin,Sharma,02/05/2001,M,Nandini,Sachin,427305122564,BEFML8016X
Ujjaini,Shekhar,Devadiga,09/01/2004,F,Naina,Shekhar,607736981199,PARGS3957M
Ujjal,Aravind,Gowda,17/07/2002,M,Muskaan,Aravind,506960858247,OPUCR1635W
Ujjwal,Shashi,Bagul,26/04/2001,M,Mohini,Shashi,807432918077,MUXOB6156G
Ujjwal,Vijay,Chadalawada,06/12/2000,M,Monika,Vijay,882825012827,JMLIU7480F
Ujjwala,Akshay,Taneja,19/08/2003,F,Meera,Akshay,893460686165,YVGVG4228Y
Ujjwala,Vidyut,Yagnik,28/06/2001,F,Megha,Vidyut,389989202373,XHDYT4339K
Ujwala,Shantanu,Nanda,05/02/2000,F,Manisha,Shantanu,828922673787,AYKNG2760V
Uma,Shiva,Abhyankar,14/10/2003,F,Krupa,Shiva,808909886589,EEBKX3358B
Uma,Ankit,Arasan,23/06/2002,F,Kusum,Ankit,804215504722,YOCOQ1281C
Uma,Dhruv,Saini,02/03/2001,F,Madhu,Dhruv,405235519497,GHRUQ3023T
Uma,Suresh,Ghose,10/09/2000,F,Madhuri,Suresh,874219781804,BJQCA0438W
Uma,Vimal,Yadav,20/01/2003,F,Mahima,Vimal,931774181737,XHBQE9543H
Umesh,Amar,Thakur,30/07/2001,M,Kritika,Amar,676186570153,EFIXW0837U
Upendra,Shivam,Joshi,06/04/2000,F,Komal,Shivam,756031016516,OGORN4344B
Urmi,Kiran,Gangal,15/12/2002,F,Kiran,Kiran,875551004765,YFRQK3966U
Urmila,Amol,Verma,23/08/2001,F,Jyoti,Amol,736258482810,FEKGN3701A
Urmila,Sharad,Pandey,02/05/2000,F,Kajal,Sharad,564766229298,TQNTR6173Q
Urmila,Vikram,Chakrabarti,11/11/2003,F,Kavita,Vikram,177406235376,AFSPG4869B
Urvi,Shyam,Khire,19/07/2002,F,Jhanvi,Shyam,827472303048,FJCMB8662R
Usha,Praveen,Sethi,28/03/2001,F,Gayatri,Praveen,304562384588,FCNFQ7176M
Usha,Tejas,Giri,05/09/2000,F,Geeta,Tejas,311238067090,PUGGM8597C
Usha,Vipul,Zaidi,15/01/2003,F,Isha,Vipul,739086888802,FZSYQ1885W
Utkarsh,Rohit,Bohra,23/07/2001,M,Garima,Rohit,623021175868,XFOZM9000W
Utpal,Shiv,Devan,02/03/2000,M,Esha,Shiv,353167168128,FXDXB0335Q
Uttam,Shashank,Pande,11/11/2002,M,Deepika,Shashank,198070396094,BSUAM9781X
Uttam,Ankur,Arya,18/05/2001,M,Devika,Ankur,662182823286,LSRFD7174R
Uttam,Ashwin,Govardhan,27/01/2000,M,Divya,Ashwin,183623373568,ONBLH6775G
Uttara,Krishna,Gangopadhyay,06/08/2003,F,Charu,Krishna,172976526156,TUIIS8315N
Vaibhav,Suresh,Bhat,15/04/2002,M,Bhavna,Suresh,346105317328,NEHAY5744U
Vaibhav,Aniket,Vij,24/10/2000,M,Chandni,Aniket,927795728038,NTPDE3317L
Vaidehi,Shekhar,Reddy,03/06/2003,F,Aparna,Shekhar,415239980891,QUAYR1242X
Vaishnavi,Ravi,Sharma,11/12/2001,F,Anushka,Ravi,665653191298,RVEHJ3750A
Vani,Sunil,Pathak,15/03/2006,F,Ananya,Sunil,425546995753,KGSPV8127S
Vani,Gaurav,Sharma,28/09/2005,F,Anjali,Gaurav,439976346858,NZDZC2706S
Vanita,Viraj,Achari,02/05/2006,F,Amrita,Viraj,635166446910,AFVSF3150U
Vansh ,Aniruddh,Patel,11/11/2005,M,Alisha,Aniruddh,619779766299,TIAYX3784X
Vanshika,Ajay,Patel,20/07/2004,F,Akanksha,Ajay,530493365809,EYGSP1227P
Varsha,Suraj,Pandit,05/02/2006,F,Kiara,Suraj,343555151134,JKTRF2472H
Varsha,Aniruddha,Agnihotri,23/12/2005,F,Aarti,Aniruddha,691783338360,PSJBV2045S
Varsha,Yash,Adiga,17/08/2004,F,Aditi,Yash,180061562386,RICSP5856V
Varun,Sudeep,Shah,08/04/2005,M,Esha,Sudeep,630515797240,XMXYO9896V
Varun,Prithvi,Shah,30/10/2004,M,Ishita,Prithvi,970788834042,UVJYE1322A
Varun,Girish,Singh,19/06/2004,M,Kavya,Girish,228114943357,DICIT7115K
Vasant,Shivaji,Sarin,14/01/2005,M,Eesha,Shivaji,933069249890,FWEKM9426E
Vasu,Uday,Grover,07/07/2006,M,Arya,Uday,152816291367,HCKMR1754M
Vasudev,Hardik,Sinha,21/03/2004,M,Amaya,Hardik,936679703650,TTIOI8801W
Vasudha,Shriram,Seth,03/09/2005,F,Aarohi,Shriram,632596287772,AFBDH2024P
Vasuki,Abhay,Aithal,12/05/2006,F,Aanya,Abhay,271606533403,BSVIL5067Y
Veda,Umesh,Iyer,29/11/2005,F,Zoya,Umesh,759327184521,WFSIS9974U
Vedant,Harish,Shah,26/07/2004,M,Yashoda,Harish,748756448355,LBUSO8834X
Vedant,Arjun,Gokhale,09/03/2006,M,Zara,Arjun,764103438565,DTGNK4688K
Veena,Sushant,Ratnaparkhi,24/01/2006,F,Vidya,Sushant,553158470147,UVOTS8904T
Veena,Arjun,Athreya,06/08/2004,F,Vijaya,Arjun,232161386071,JCOUA8853N
Veena,Hiren,Sood,13/04/2005,F,Vishakha,Hiren,125042408990,OEGQB7545Q
Veer,Tarun,Sheth,31/10/2004,M,Veda,Tarun,953185794277,SIVWQ7773F
Venkat,Hitesh,Srivastava,20/06/2004,M,Varsha,Hitesh,760698455832,RDAIM4128F
Vibha,Rajesh ,Patel,04/12/2005,F,Vaishali,Rajesh ,153820114645,XHNJI0938N
Vibha,Uday,Subhedar,22/03/2006,F,Vandana,Uday,298006490130,LQTVM1418B
Vidhi,Prashant,Verma,28/09/2004,F,Urvashi,Prashant,805481671329,RVIYS2329Z
Vidya,Umesh,Nadkarni,01/05/2006,F,Swati,Umesh,104904823068,IVZQZ7175L
Vidya,Anup,Bhandari,10/11/2005,F,Tanisha,Anup,144944996980,USPJF4137I
Vidya,Jatin,Verma,19/07/2004,F,Tara,Jatin,946480756847,TSFMZ3391E
Vidya,Aditya,Aranha,04/02/2006,F,Trisha,Aditya,338438593340,BDWVX6622R
Vidyapati,Kumar,Ganti,24/12/2005,F,Sunita,Kumar,655450175279,LRDBX6119R
Vidyut,Siddharth,Sehgal,18/08/2004,M,Shikha,Siddharth,905291961885,RCAMW3337D
Vidyut,Subhash,Devaram,09/04/2005,M,Shruti,Subhash,909053584743,EZIWO6593H
Vidyut,Balachander,Gudapati,29/10/2004,M,Simran,Balachander,621478428056,FQOIS2938V
Vidyut,Utkarsh,Jagannathan,18/06/2004,M,Sneha,Utkarsh,416557523598,TPFOD7252L
Vihaan,Ankit,Ojha,13/01/2005,M,Shanti,Ankit,354222881986,PJLUH6437A
Vihar,Sunil,Sen,06/07/2006,M,Shalini,Sunil,658671781840,LZAZN8119R
Vijay,Vicky,Pendse,20/03/2004,M,Sanjana,Vicky,615449330150,PCUPU8226H
Vijay,Arjun,Bhasin,02/09/2005,M,Sarika,Arjun,831770697202,ZZDHH7027X
Vijay,Jay,Yadav,11/05/2006,M,Savita,Jay,402303098948,NBKFY0571Z
Vijaya,Suresh,Sethi,28/11/2005,F,Samaira,Suresh,378440523181,QWXDD4117N
Vijaya,Ajay,Bajpai,25/07/2004,F,Sangeeta,Ajay,225599420808,RVCRJ1616U
Vikas,Vijay,Rajwade,08/03/2006,M,Sakshi,Vijay,383904021749,MXCCE7165L
Vikas,Ashish,Chadha,23/01/2006,M,Saloni,Ashish,794091936037,XSGIH6841D
Vikram,Vikas,Ranade,05/08/2004,M,Rani,Vikas,893840260312,RGLIW5246J
Vikram,Ashish,Attaluri,12/04/2005,M,Rhea,Ashish,894069668049,ZYTKX1551W
Vikram,Akash,Bangar,30/10/2004,M,Riya,Akash,772996758395,LFYGA2684I
Vikramjit,Vinay,Chalapathi,19/06/2004,M,Rajni,Vinay,855733855632,SLFHC2118Q
Vimal,Avinash,Chandra,03/12/2005,M,Radhika,Avinash,672499228336,HLDJY1101K
Vimal,Rajinder,Shandil,21/03/2006,M,Ragini,Rajinder,839470671007,LRZTI6310T
Vimala,Varun,Jani,27/09/2004,F,Priya,Varun,591642072131,VGBKO2898S
Vinati,Swapnil,Sharma,30/04/2006,F,Preeti,Swapnil,614000642067,ALLSC9249R
Vinay,Vikram,Samant,09/11/2005,M,Prachi,Vikram,159371829741,BGJLI2254D
Vinay,Bhushan,Chopra,18/07/2004,M,Pragati,Bhushan,628526239755,KDBHE5457X
Vinay,Veer,Kadam,02/02/2006,M,Pratibha,Veer,334860498608,LROKB6735L
Vinayak,Amar,Bhat,25/12/2005,M,Pooja,Amar,625387966408,RIEHU0411O
Vineet,Vinay,Saraf,19/08/2004,M,Niharika,Vinay,244529230122,XZVYQ5329I
Vineet,Rajvir,Shankar,10/04/2005,M,Nisha,Rajvir,737051509370,YVFNT3786R
Vineeta,Chaitanya,Duggal,28/10/2004,F,Neha,Chaitanya,211881629849,FKEXZ4445D
Vinita,Vicky,Kalyanaraman,17/06/2004,F,Nandini,Vicky,856493336218,OVITS5725R
Vinod,Vipin,Sarkar,12/01/2005,M,Monica,Vipin,791396922181,PCNXR4948M
Vinod,Ayush,Attipetty,05/07/2006,M,Namrata,Ayush,358996032710,MOXGX9469A
Vipasha,Suyash,Suri,19/03/2004,F,Mohini,Suyash,729573174501,SEKGS4939S
Vipul,Vishal,Satarkar,01/09/2005,M,Mira,Vishal,100421038360,YXWGS1334T
Virat,Umesh,Tandon,10/05/2006,M,Manisha,Umesh,329949757619,CLTAZ5018N
Virat,Vijay,Karthikeyan,27/11/2005,M,Meera,Vijay,170987290470,COWNL2756Q
Vishaka,Uday,Uppal,24/07/2004,F,Mala,Uday,925839093889,MTYBI7212U
Vishal,Vivek,Sabnis,07/03/2006,M,Kritika,Vivek,996246063513,RVDHV2591P
Vishal,Raman,Sharma,22/01/2006,M,Krupa,Raman,395092520753,UDVEI6425L
Vishal,Jignesh,Agnihotri,04/08/2004,M,Lakshmi,Jignesh,836023901700,OGSRZ2212F
Vishnu,Yash,Suryawanshi,11/04/2005,M,Khushi,Yash,848329317509,ZOYFD8505W
Vishnu,Kamlesh,Anand,29/10/2004,M,Kiran,Kamlesh,649327225488,DLKZN1909W
Vishnu,Vikas,Kaul,18/06/2004,M,Komal,Vikas,785007713226,QWGYL5619J
Vishwa,Aadesh,Desai,02/12/2005,M,Kavya,Aadesh,568608573454,JLWHC9504K
Vivaan,Deep,Patel,20/03/2006,M,Kajal,Deep,227909643709,LSGBU7635N
Vivek,Aarush,Shingte,26/09/2004,M,Ishani,Aarush,348527941835,BKBQR2804Q
Vivek,Chandrakant,Grover,29/04/2006,M,Janhvi,Chandrakant,760553949660,RBFCH2870X
Vivek,Ramandeep,Singh,08/11/2005,M,Jaya,Ramandeep,445061811027,XJIUZ3153U
Vivek,Vimal,Kaur,17/07/2004,M,Juhi,Vimal,435495687021,EBQZK2363C
Vrinda,Vaibhav,Varma,01/02/2006,F,Geeta,Vaibhav,677353257973,WTYDM5489A
Vrinda,Amit,Bhatt,26/12/2005,F,Harini,Amit,256152887948,AGEKP2044C
Yamini,Darshan,Gujral,20/08/2004,F,Esha,Darshan,895371210663,NQJGU4474O
Yamini,Vasant,Vasudeva,11/04/2005,F,Gauri,Vasant,264433320135,BDDNU9526I
Yamini,Karan,Balakrishnan,29/10/2004,F,Gayatri,Karan,171760478071,TVQDL2917J
Yash,Abhijeet,Shinde,18/06/2004,M,Damini,Abhijeet,949828704568,BVUGD2145T
Yash,Deepak,Jain,03/12/2005,M,Deepika,Deepak,158019895572,IPVWG6468P
Yash,Ranjit,Singhal,21/03/2006,M,Devika,Ranjit,863188071530,YRJRJ4152L
Yash,Kartik,Bhandari,27/09/2004,M,Diya,Kartik,527250015079,RKYFW8564C
Yashaswini,Anand,Burman,30/04/2006,F,Chhaya,Anand,390634851635,ZSKQU2555Q
Yashika,Anuj,Agarwal,09/11/2005,F,Bhavna,Anuj,232956657177,OPLCL2015Q
Yashika,Aman,Thigale,18/07/2004,F,Charulata,Aman,742839511745,BBMLN5114G
Yashoda,Vinay,Khurana,02/02/2006,F,Ayesha,Vinay,940993899738,DCLZA4861X
Yashodhara,Vijay,Arneja,25/12/2005,F,Archana,Vijay,194525034578,TIWUK1161E
Yashvi,Raghav,Sharma,19/08/2004,F,Aparna,Raghav,440391671027,OUTPD6075C
Yashvi,Sanjay,Kundra,10/04/2005,F,Aradhana,Sanjay,132167784111,HNSDJ1543I
Yashwant,Anik,Tembe,28/10/2004,M,Anushka,Anik,250069691372,QILSQ8180E
Yogesh,Rupinder,Sood,17/06/2004,M,Anjali,Rupinder,228747025518,TTQOQ4213H
Yogi,Vishal,Krishnamurthy,12/01/2005,M,Anika,Vishal,158146666299,XWTHM4217W
Yogita,Yash,Lall,05/07/2006,F,Ananya,Yash,909394408499,VSXFH1894B
Yojana,Ganesh,Jindal,19/03/2004,F,Alisha,Ganesh,773772630904,EKKTF4743M
Yojana,Vikram,Bahl,01/09/2005,F,Amrita,Vikram,173696223133,PYDET3848Z
Zankhana,Vinay,Batra,10/05/2006,F,Akanksha,Vinay,806339575267,IRCIT1778Q
Zara,Anuj,Mehta,27/11/2005,F,Aisha,Anuj,443857820011,JWSHJ1912I
Zoya,Karan,Mehta,24/07/2004,F,Aaradhya,Karan,165225109343,LMFLU0829I
Zoya,Ankush,Thosar,07/03/2006,F,Aarti,Ankush,295442125149,AXTIO2618O
Zoya,Vishal,Bhasin,22/01/2006,F,Aditi,Vishal,513033977466,BJWYH3993R